claim_id,claim,theorem_or_lemma,source_or_test,experiment_or_figure,raw_result_path,maturity_state,fresh_self_recheck_status,scope_limit
C1,Exact boundary projections are precisely hitting sets of the collision hypergraph,Theorem 1 (Exactness as hitting),scripts/theorem_checks.py,Complete census of 256 Boolean functions and 2048 function/projection obligations,results/theorem_checks.json,proved_and_executably_checked,PASS,Finite deterministic functions over an explicit domain
C2,Minimum exact-key synthesis is NP-complete for explicit Boolean state/observation tables,Theorem 2 (Minimum-key complexity),scripts/theorem_checks.py,Reduction census over all 128 families of nonempty subsets of three Boolean fields including the empty family,results/theorem_checks.json,proved_and_executably_checked,PASS,Complexity of the explicit finite-table problem; not a lower bound for restricted program classes
C3,Backward exact interfaces compose to the direct whole-path result,Theorem 4 (Whole-path preservation),scripts/theorem_checks.py and checker/independent_checker.py,65536 transform pairs and direct/composed replay for every campaign input,results/theorem_checks.json and results/experiment_summary.json,proved_and_executably_checked,PASS,Fixed paths in the finite deterministic language
C4,The producer returns a minimum-cardinality canonical exact key,Corollary 1 (Canonical minimum key),checker/independent_checker.py,Independent reconstruction for all 940 campaign stages,results/stage_results.csv and results/experiment_summary.json,proved_and_executably_checked,PASS,Minimum relative to declared fields and explicit reachable domains
C5,Every reported repair is minimum and closes all collisions for its rejected candidate,Theorem 3 (Minimum repair),checker/independent_checker.py and tests/test_core.py,Named rejection certificates in retained small medium and large examples,examples/small-certificate.json and examples/medium-certificate.json and examples/large-certificate.json,proved_and_executably_checked,PASS,Only candidate projections represented in the certificate
C6,All retained PathSeal summaries are exact and compose on the generated campaign,Theorem 4 plus relative completeness proposition,checker/independent_checker.py,120 programs 940 stages 9920 initial states and 785251 semantic obligations,results/experiment_summary.json,executably_checked,PASS,Deterministic generated programs in the frozen finite language
C7,PathSeal keys are narrower than full state and conservative syntactic support without introducing collisions,Upward-closure lemma and support-safety induction,scripts/run_experiments.py,Per-stage width entries roles and tier measurements,results/stage_results.csv and results/baseline_results.csv and results/experiment_summary.json,measured,PASS,Finite generated domains; no production performance claim
C8,Call-context security-surface and empty projections are unsafe on many stages,Exactness definition and concrete collision witnesses,scripts/run_experiments.py,Three negative controls across every campaign stage,results/baseline_results.csv and results/experiment_summary.json,measured,PASS,Counterexamples in the generated campaign not prevalence estimates for real code
C9,The checker fails closed under representative structural semantic schema receipt and witness corruption,Checker schema and replay obligations,scripts/mutation_tests.py and tests/test_core.py,280 trials across 28 mutation operators including repeated encodings plus 15 unit tests,results/mutation_results.csv and results/mutation_summary.json,executably_checked,PASS,Selected mutation classes rather than an adversarial completeness theorem
C10,Exactness persists under domain or output restriction and under key extension,Proposition 2 (Reuse under weakening) and Lemma 1 (Upward closure),Manuscript proposition and lemma proofs,Theoretical proof with reindexing required for key extension,Not applicable: this claim has no dedicated executable result,proved,PROOF_REVIEWED,Does not permit domain output semantics path or successor extension without regeneration
