mutation,variant,rejected,reason
drop-stage,0,1,CheckFailure
drop-stage,1,1,CheckFailure
drop-stage,2,1,CheckFailure
drop-stage,3,1,CheckFailure
drop-stage,4,1,CheckFailure
drop-stage,5,1,CheckFailure
drop-stage,6,1,CheckFailure
drop-stage,7,1,CheckFailure
drop-stage,8,1,CheckFailure
drop-stage,9,1,CheckFailure
swap-stage,0,1,CheckFailure
swap-stage,1,1,CheckFailure
swap-stage,2,1,CheckFailure
swap-stage,3,1,CheckFailure
swap-stage,4,1,CheckFailure
swap-stage,5,1,CheckFailure
swap-stage,6,1,CheckFailure
swap-stage,7,1,CheckFailure
swap-stage,8,1,CheckFailure
swap-stage,9,1,CheckFailure
add-key-field,0,1,CheckFailure
add-key-field,1,1,CheckFailure
add-key-field,2,1,CheckFailure
add-key-field,3,1,CheckFailure
add-key-field,4,1,CheckFailure
add-key-field,5,1,CheckFailure
add-key-field,6,1,CheckFailure
add-key-field,7,1,CheckFailure
add-key-field,8,1,CheckFailure
add-key-field,9,1,CheckFailure
drop-key-field,0,1,CheckFailure
drop-key-field,1,1,CheckFailure
drop-key-field,2,1,CheckFailure
drop-key-field,3,1,CheckFailure
drop-key-field,4,1,CheckFailure
drop-key-field,5,1,CheckFailure
drop-key-field,6,1,CheckFailure
drop-key-field,7,1,CheckFailure
drop-key-field,8,1,CheckFailure
drop-key-field,9,1,CheckFailure
change-event,0,1,CheckFailure
change-event,1,1,CheckFailure
change-event,2,1,CheckFailure
change-event,3,1,CheckFailure
change-event,4,1,CheckFailure
change-event,5,1,CheckFailure
change-event,6,1,CheckFailure
change-event,7,1,CheckFailure
change-event,8,1,CheckFailure
change-event,9,1,CheckFailure
change-status,0,1,CheckFailure
change-status,1,1,CheckFailure
change-status,2,1,CheckFailure
change-status,3,1,CheckFailure
change-status,4,1,CheckFailure
change-status,5,1,CheckFailure
change-status,6,1,CheckFailure
change-status,7,1,CheckFailure
change-status,8,1,CheckFailure
change-status,9,1,CheckFailure
change-output,0,1,CheckFailure
change-output,1,1,CheckFailure
change-output,2,1,CheckFailure
change-output,3,1,CheckFailure
change-output,4,1,CheckFailure
change-output,5,1,CheckFailure
change-output,6,1,CheckFailure
change-output,7,1,CheckFailure
change-output,8,1,CheckFailure
change-output,9,1,CheckFailure
delete-entry,0,1,CheckFailure
delete-entry,1,1,CheckFailure
delete-entry,2,1,CheckFailure
delete-entry,3,1,CheckFailure
delete-entry,4,1,CheckFailure
delete-entry,5,1,CheckFailure
delete-entry,6,1,CheckFailure
delete-entry,7,1,CheckFailure
delete-entry,8,1,CheckFailure
delete-entry,9,1,CheckFailure
duplicate-entry,0,1,CheckFailure
duplicate-entry,1,1,CheckFailure
duplicate-entry,2,1,CheckFailure
duplicate-entry,3,1,CheckFailure
duplicate-entry,4,1,CheckFailure
duplicate-entry,5,1,CheckFailure
duplicate-entry,6,1,CheckFailure
duplicate-entry,7,1,CheckFailure
duplicate-entry,8,1,CheckFailure
duplicate-entry,9,1,CheckFailure
change-domain-value,0,1,CheckFailure
change-domain-value,1,1,CheckFailure
change-domain-value,2,1,CheckFailure
change-domain-value,3,1,CheckFailure
change-domain-value,4,1,CheckFailure
change-domain-value,5,1,CheckFailure
change-domain-value,6,1,CheckFailure
change-domain-value,7,1,CheckFailure
change-domain-value,8,1,CheckFailure
change-domain-value,9,1,CheckFailure
drop-domain-state,0,1,CheckFailure
drop-domain-state,1,1,CheckFailure
drop-domain-state,2,1,CheckFailure
drop-domain-state,3,1,CheckFailure
drop-domain-state,4,1,CheckFailure
drop-domain-state,5,1,CheckFailure
drop-domain-state,6,1,CheckFailure
drop-domain-state,7,1,CheckFailure
drop-domain-state,8,1,CheckFailure
drop-domain-state,9,1,CheckFailure
add-domain-state,0,1,CheckFailure
add-domain-state,1,1,CheckFailure
add-domain-state,2,1,CheckFailure
add-domain-state,3,1,CheckFailure
add-domain-state,4,1,CheckFailure
add-domain-state,5,1,CheckFailure
add-domain-state,6,1,CheckFailure
add-domain-state,7,1,CheckFailure
add-domain-state,8,1,CheckFailure
add-domain-state,9,1,CheckFailure
change-segment,0,1,CheckFailure
change-segment,1,1,CheckFailure
change-segment,2,1,CheckFailure
change-segment,3,1,CheckFailure
change-segment,4,1,CheckFailure
change-segment,5,1,CheckFailure
change-segment,6,1,CheckFailure
change-segment,7,1,CheckFailure
change-segment,8,1,CheckFailure
change-segment,9,1,CheckFailure
change-output-interface,0,1,CheckFailure
change-output-interface,1,1,CheckFailure
change-output-interface,2,1,CheckFailure
change-output-interface,3,1,CheckFailure
change-output-interface,4,1,CheckFailure
change-output-interface,5,1,CheckFailure
change-output-interface,6,1,CheckFailure
change-output-interface,7,1,CheckFailure
change-output-interface,8,1,CheckFailure
change-output-interface,9,1,CheckFailure
change-whole-key,0,1,CheckFailure
change-whole-key,1,1,CheckFailure
change-whole-key,2,1,CheckFailure
change-whole-key,3,1,CheckFailure
change-whole-key,4,1,CheckFailure
change-whole-key,5,1,CheckFailure
change-whole-key,6,1,CheckFailure
change-whole-key,7,1,CheckFailure
change-whole-key,8,1,CheckFailure
change-whole-key,9,1,CheckFailure
change-whole-entry,0,1,CheckFailure
change-whole-entry,1,1,CheckFailure
change-whole-entry,2,1,CheckFailure
change-whole-entry,3,1,CheckFailure
change-whole-entry,4,1,CheckFailure
change-whole-entry,5,1,CheckFailure
change-whole-entry,6,1,CheckFailure
change-whole-entry,7,1,CheckFailure
change-whole-entry,8,1,CheckFailure
change-whole-entry,9,1,CheckFailure
change-program-operation,0,1,CheckFailure
change-program-operation,1,1,CheckFailure
change-program-operation,2,1,CheckFailure
change-program-operation,3,1,CheckFailure
change-program-operation,4,1,CheckFailure
change-program-operation,5,1,CheckFailure
change-program-operation,6,1,CheckFailure
change-program-operation,7,1,CheckFailure
change-program-operation,8,1,CheckFailure
change-program-operation,9,1,CheckFailure
change-program-path,0,1,CheckFailure
change-program-path,1,1,CheckFailure
change-program-path,2,1,CheckFailure
change-program-path,3,1,CheckFailure
change-program-path,4,1,CheckFailure
change-program-path,5,1,CheckFailure
change-program-path,6,1,CheckFailure
change-program-path,7,1,CheckFailure
change-program-path,8,1,CheckFailure
change-program-path,9,1,CheckFailure
change-initial-domain,0,1,CheckFailure
change-initial-domain,1,1,CheckFailure
change-initial-domain,2,1,CheckFailure
change-initial-domain,3,1,CheckFailure
change-initial-domain,4,1,CheckFailure
change-initial-domain,5,1,CheckFailure
change-initial-domain,6,1,CheckFailure
change-initial-domain,7,1,CheckFailure
change-initial-domain,8,1,CheckFailure
change-initial-domain,9,1,CheckFailure
change-repair,0,1,CheckFailure
change-repair,1,1,CheckFailure
change-repair,2,1,CheckFailure
change-repair,3,1,CheckFailure
change-repair,4,1,CheckFailure
change-repair,5,1,CheckFailure
change-repair,6,1,CheckFailure
change-repair,7,1,CheckFailure
change-repair,8,1,CheckFailure
change-repair,9,1,CheckFailure
change-support,0,1,CheckFailure
change-support,1,1,CheckFailure
change-support,2,1,CheckFailure
change-support,3,1,CheckFailure
change-support,4,1,CheckFailure
change-support,5,1,CheckFailure
change-support,6,1,CheckFailure
change-support,7,1,CheckFailure
change-support,8,1,CheckFailure
change-support,9,1,CheckFailure
swap-rejection-labels,0,1,CheckFailure
swap-rejection-labels,1,1,CheckFailure
swap-rejection-labels,2,1,CheckFailure
swap-rejection-labels,3,1,CheckFailure
swap-rejection-labels,4,1,CheckFailure
swap-rejection-labels,5,1,CheckFailure
swap-rejection-labels,6,1,CheckFailure
swap-rejection-labels,7,1,CheckFailure
swap-rejection-labels,8,1,CheckFailure
swap-rejection-labels,9,1,CheckFailure
change-rejection-candidate,0,1,CheckFailure
change-rejection-candidate,1,1,CheckFailure
change-rejection-candidate,2,1,CheckFailure
change-rejection-candidate,3,1,CheckFailure
change-rejection-candidate,4,1,CheckFailure
change-rejection-candidate,5,1,CheckFailure
change-rejection-candidate,6,1,CheckFailure
change-rejection-candidate,7,1,CheckFailure
change-rejection-candidate,8,1,CheckFailure
change-rejection-candidate,9,1,CheckFailure
add-top-level-field,0,1,CheckFailure
add-top-level-field,1,1,CheckFailure
add-top-level-field,2,1,CheckFailure
add-top-level-field,3,1,CheckFailure
add-top-level-field,4,1,CheckFailure
add-top-level-field,5,1,CheckFailure
add-top-level-field,6,1,CheckFailure
add-top-level-field,7,1,CheckFailure
add-top-level-field,8,1,CheckFailure
add-top-level-field,9,1,CheckFailure
add-stage-field,0,1,CheckFailure
add-stage-field,1,1,CheckFailure
add-stage-field,2,1,CheckFailure
add-stage-field,3,1,CheckFailure
add-stage-field,4,1,CheckFailure
add-stage-field,5,1,CheckFailure
add-stage-field,6,1,CheckFailure
add-stage-field,7,1,CheckFailure
add-stage-field,8,1,CheckFailure
add-stage-field,9,1,CheckFailure
change-field-role,0,1,CheckFailure
change-field-role,1,1,CheckFailure
change-field-role,2,1,CheckFailure
change-field-role,3,1,CheckFailure
change-field-role,4,1,CheckFailure
change-field-role,5,1,CheckFailure
change-field-role,6,1,CheckFailure
change-field-role,7,1,CheckFailure
change-field-role,8,1,CheckFailure
change-field-role,9,1,CheckFailure
change-production-receipt,0,1,CheckFailure
change-production-receipt,1,1,CheckFailure
change-production-receipt,2,1,CheckFailure
change-production-receipt,3,1,CheckFailure
change-production-receipt,4,1,CheckFailure
change-production-receipt,5,1,CheckFailure
change-production-receipt,6,1,CheckFailure
change-production-receipt,7,1,CheckFailure
change-production-receipt,8,1,CheckFailure
change-production-receipt,9,1,CheckFailure
change-minimality-receipt,0,1,CheckFailure
change-minimality-receipt,1,1,CheckFailure
change-minimality-receipt,2,1,CheckFailure
change-minimality-receipt,3,1,CheckFailure
change-minimality-receipt,4,1,CheckFailure
change-minimality-receipt,5,1,CheckFailure
change-minimality-receipt,6,1,CheckFailure
change-minimality-receipt,7,1,CheckFailure
change-minimality-receipt,8,1,CheckFailure
change-minimality-receipt,9,1,CheckFailure
