program,tier,fields,segments,initial_states,reachable_stage_states,pathseal_entries,support_entries,exact_state_entries,whole_keys,subset_obligations,execution_obligations,producer_ms,checker_ms,certificate_bytes
small-000,small,13,6,48,280,70,70,280,12,1315,616,15.325,15.601,54508
small-001,small,13,6,48,280,70,70,280,12,690,616,14.481,14.833,54713
small-002,small,13,6,48,272,66,67,272,12,1554,608,14.46,14.805,53191
small-003,small,13,6,48,280,70,70,280,12,690,616,14.367,14.85,54711
small-004,small,13,6,48,280,66,66,280,12,1951,616,15.032,16.015,54280
small-005,small,13,6,48,280,70,70,280,12,1346,616,14.949,15.812,55127
small-006,small,13,6,48,280,70,70,280,12,690,616,14.299,15.083,54733
small-007,small,13,6,48,288,72,72,288,12,886,624,15.22,15.421,56052
small-008,small,13,6,48,280,70,70,280,12,1312,616,15.357,15.401,54596
small-009,small,13,6,48,264,66,65,264,12,642,600,13.579,13.773,51634
small-010,small,13,6,48,280,70,70,280,12,690,616,14.527,14.911,54739
small-011,small,13,6,48,288,72,72,288,12,696,624,15.049,15.697,55878
small-012,small,13,6,48,288,69,68,288,12,1611,624,15.5,16.026,56156
small-013,small,13,6,48,280,70,70,280,12,432,616,14.205,14.741,52726
small-014,small,13,6,48,280,70,70,280,12,1290,616,14.437,15.395,54425
small-015,small,13,6,48,288,70,70,288,12,1140,624,16.071,15.99,55134
small-016,small,13,6,48,288,72,72,288,12,786,624,15.261,15.958,55743
small-017,small,13,6,48,272,68,68,272,12,1644,608,14.401,15.197,52953
small-018,small,13,6,48,280,70,70,280,12,696,616,14.711,14.996,54578
small-019,small,13,6,48,280,70,70,280,12,708,616,14.984,15.181,54411
small-020,small,13,6,48,280,70,69,280,12,1104,616,14.582,15.139,54441
small-021,small,13,6,48,264,66,66,264,12,1196,600,13.575,14.154,51686
small-022,small,13,6,48,272,68,68,272,12,636,608,14.177,14.568,53306
small-023,small,13,6,48,280,70,69,280,12,690,616,14.418,14.844,54713
small-024,small,13,6,48,288,72,71,288,12,1098,624,15.18,15.778,56110
small-025,small,13,6,48,272,68,67,272,12,1340,608,14.757,15.186,52832
small-026,small,13,6,48,272,68,68,272,12,1064,608,14.407,15.066,53645
small-027,small,13,6,48,280,70,70,280,12,828,616,14.703,15.209,54253
small-028,small,13,6,48,288,72,72,288,12,784,624,15.001,16.126,55694
small-029,small,13,6,48,264,66,66,264,12,594,600,13.357,14.037,51514
small-030,small,13,6,48,280,70,70,280,12,998,616,14.715,15.386,54523
small-031,small,13,6,48,288,72,69,288,12,786,624,17.74,16.824,55719
small-032,small,13,6,48,272,68,68,272,12,722,608,13.982,14.572,53071
small-033,small,13,6,48,272,62,63,272,11,904,608,15.198,15.266,52146
small-034,small,13,6,48,280,64,65,280,12,1791,616,15.747,16.125,54299
small-035,small,13,6,48,272,68,68,272,12,1251,608,14.877,15.031,52921
small-036,small,13,6,48,280,68,68,280,12,1134,616,15.137,15.375,54193
small-037,small,13,6,48,280,70,69,280,12,692,616,14.728,14.908,54656
small-038,small,13,6,48,264,66,66,264,12,936,600,13.397,13.919,51830
small-039,small,13,6,48,280,68,68,280,12,1242,616,14.934,15.166,53812
small-040,small,13,6,48,288,72,72,288,12,786,624,14.957,15.71,55742
small-041,small,13,6,48,256,63,63,256,12,528,592,12.8,12.896,49837
small-042,small,13,6,48,264,66,66,264,12,604,600,13.474,13.511,51566
small-043,small,13,6,48,272,68,68,272,12,926,608,14.083,14.774,53114
small-044,small,13,6,48,280,65,66,280,12,1484,616,14.963,15.604,53951
small-045,small,13,6,48,256,62,64,256,12,543,592,12.801,13.176,49728
small-046,small,13,6,48,280,70,70,280,12,652,616,14.268,14.731,53892
small-047,small,13,6,48,272,68,68,272,12,1512,608,14.15,15.56,53587
small-048,small,13,6,48,288,70,70,288,12,1091,624,15.185,15.931,55721
small-049,small,13,6,48,272,68,68,272,12,1077,608,13.937,14.81,53241
small-050,small,13,6,48,264,65,65,264,12,724,600,13.521,13.584,51696
small-051,small,13,6,48,272,68,68,272,12,940,608,14.309,14.7,53036
small-052,small,13,6,48,288,70,70,288,12,696,624,15.139,15.657,54839
small-053,small,13,6,48,280,70,70,280,12,2204,616,15.717,16.01,55351
small-054,small,13,6,48,272,68,68,272,12,1452,608,14.39,15.217,53208
small-055,small,13,6,48,280,70,70,280,12,786,616,14.594,14.766,54403
small-056,small,13,6,48,264,66,66,264,12,1814,600,14.086,14.877,52758
small-057,small,13,6,48,264,66,66,264,12,690,600,13.475,13.789,52069
small-058,small,13,6,48,272,68,68,272,12,895,608,14.134,14.5,53254
small-059,small,13,6,48,264,66,66,264,12,758,600,13.373,13.784,51885
medium-000,medium,14,9,96,584,141,144,584,24,2800,1544,43.939,45.845,115597
medium-001,medium,14,9,96,664,156,160,664,24,2809,1624,49.853,51.993,127888
medium-002,medium,14,9,96,624,152,155,624,24,2492,1584,44.441,47.716,121474
medium-003,medium,14,9,96,628,157,156,628,24,5701,1588,51.302,50.563,123731
medium-004,medium,14,9,96,672,166,168,672,24,4013,1632,49.373,54.532,130868
medium-005,medium,14,9,96,628,156,156,628,24,4271,1588,46.506,50.552,123737
medium-006,medium,14,9,96,656,161,164,656,24,3616,1616,47.71,51.266,128453
medium-007,medium,14,9,96,636,146,151,636,24,7604,1596,51.697,52.955,125082
medium-008,medium,14,9,96,676,166,167,676,24,3567,1636,49.018,53.619,131644
medium-009,medium,14,9,96,600,134,143,600,24,3078,1560,43.038,45.333,116727
medium-010,medium,14,9,96,620,151,153,620,24,4686,1580,47.156,50.5,121596
medium-011,medium,14,9,96,632,157,158,632,24,4908,1592,45.798,50.938,124234
medium-012,medium,14,9,96,636,155,154,636,24,3322,1596,49.599,49.425,124212
medium-013,medium,14,9,96,644,160,159,644,24,3722,1604,46.733,51.023,126249
medium-014,medium,14,9,96,636,156,158,636,24,5931,1596,47.844,51.741,124582
medium-015,medium,14,9,96,700,175,174,700,24,7050,1660,53.303,58.983,137995
medium-016,medium,14,9,96,636,153,159,636,24,3509,1596,49.957,49.529,125049
medium-017,medium,14,9,96,652,159,163,652,24,3950,1612,47.301,51.052,127593
medium-018,medium,14,9,96,660,160,162,660,24,5263,1620,49.416,51.86,128770
medium-019,medium,14,9,96,664,164,165,664,24,3906,1624,47.653,52.219,129488
medium-020,medium,14,9,96,596,138,146,596,24,3117,1556,42.987,49.562,116310
medium-021,medium,14,9,96,660,164,165,660,24,6473,1620,49.728,53.25,128751
medium-022,medium,14,9,96,648,159,162,648,24,8117,1608,49.108,53.123,128569
medium-023,medium,14,9,96,668,165,165,668,24,5645,1628,50.065,55.559,129941
medium-024,medium,14,9,96,628,153,153,628,24,3204,1588,44.363,48.474,122545
medium-025,medium,14,9,96,696,169,173,696,24,4539,1656,54.468,55.082,133368
medium-026,medium,14,9,96,644,158,159,644,24,6082,1604,47.8,51.976,126115
medium-027,medium,14,9,96,692,170,173,692,24,5290,1652,51.344,55.065,133559
medium-028,medium,14,9,96,620,150,154,620,24,6342,1580,46.637,51.13,123555
medium-029,medium,14,9,96,704,176,176,704,24,3637,1664,54.822,56.005,136024
medium-030,medium,14,9,96,620,153,155,620,24,4138,1580,44.671,48.64,121164
medium-031,medium,14,9,96,676,161,164,676,24,3970,1636,48.096,52.42,129856
medium-032,medium,14,9,96,632,154,157,632,24,4378,1592,46.61,50.778,123880
medium-033,medium,14,9,96,604,147,151,604,24,4482,1564,47.356,47.94,118353
medium-034,medium,14,9,96,620,152,155,620,24,3118,1580,44.387,47.837,122286
medium-035,medium,14,9,96,604,151,150,604,24,4113,1564,44.354,47.87,119984
medium-036,medium,14,9,96,616,150,154,616,24,3149,1576,43.664,46.926,121865
medium-037,medium,14,9,96,608,147,152,608,24,6589,1568,46.898,50.468,121142
medium-038,medium,14,9,96,652,163,163,652,24,2487,1612,49.956,49.776,125447
medium-039,medium,14,9,96,616,150,153,616,24,3142,1576,44.352,47.368,121312
large-000,large,17,11,160,1252,304,306,1252,40,10939,3172,149.408,156.858,277368
large-001,large,17,11,160,1208,300,300,1208,40,15110,3128,146.909,159.365,269350
large-002,large,17,11,160,1120,265,276,1120,40,16019,3040,136.375,151.608,254254
large-003,large,17,11,160,1104,265,276,1104,40,20963,3024,139.232,151.886,252261
large-004,large,17,11,160,1180,292,294,1180,40,18349,3100,144.414,158.195,268214
large-005,large,17,11,160,1352,336,334,1352,40,21631,3272,170.89,190.444,302006
large-006,large,17,11,160,1176,282,284,1176,40,17801,3096,145.023,160.958,265144
large-007,large,17,11,160,1256,307,311,1256,40,14231,3176,154.65,167.696,278172
large-008,large,17,11,160,1172,286,292,1172,40,18467,3092,147.157,162.94,264109
large-009,large,17,11,160,1268,314,315,1268,40,26964,3188,169.378,188.43,284963
large-010,large,17,11,160,1156,286,289,1156,40,32706,3076,155.66,170.943,263004
large-011,large,17,11,160,1284,315,313,1284,40,20719,3204,166.439,181.675,287679
large-012,large,17,11,160,1188,294,296,1188,40,14023,3108,141.453,153.586,267309
large-013,large,17,11,160,1248,304,309,1248,40,13758,3168,148.012,163.424,276558
large-014,large,17,11,160,1180,292,293,1180,40,14028,3100,140.348,160.155,263464
large-015,large,17,11,160,1244,306,309,1244,40,17809,3164,148.987,161.983,277243
large-016,large,17,11,160,1256,313,314,1256,40,22579,3176,159.388,175.691,284575
large-017,large,17,11,160,1160,289,288,1160,40,19102,3080,139.81,156.066,263649
large-018,large,17,11,160,1176,289,292,1176,40,27480,3096,148.519,166.804,266854
large-019,large,17,11,160,1160,287,290,1160,40,20306,3080,140.496,159.323,264036
