program,tier,stage,segment,domain_size,field_count,pathseal_key_width,support_key_width,exact_state_key_width,pathseal_keys,support_keys,exact_state_keys,pathseal_reuse,support_reuse,exact_state_reuse,collision_masks
small-000,small,0,source,48,13,3,7,13,12,12,48,4.0,4.0,1.0,92
small-000,small,1,propagate,48,13,3,5,13,12,12,48,4.0,4.0,1.0,92
small-000,small,2,sanitize,48,13,3,5,13,12,12,48,4.0,4.0,1.0,96
small-000,small,3,branch,48,13,3,5,13,12,12,48,4.0,4.0,1.0,106
small-000,small,4,return,44,13,3,7,13,11,11,44,4.0,4.0,1.0,98
small-000,small,5,sink,44,13,3,5,13,11,11,44,4.0,4.0,1.0,98
small-001,small,0,source,48,13,3,7,13,12,12,48,4.0,4.0,1.0,98
small-001,small,1,propagate,48,13,3,6,13,12,12,48,4.0,4.0,1.0,98
small-001,small,2,sanitize,48,13,3,5,13,12,12,48,4.0,4.0,1.0,104
small-001,small,3,branch,48,13,3,5,13,12,12,48,4.0,4.0,1.0,106
small-001,small,4,return,44,13,3,7,13,11,11,44,4.0,4.0,1.0,98
small-001,small,5,sink,44,13,3,5,13,11,11,44,4.0,4.0,1.0,98
small-002,small,0,source,48,13,3,9,13,12,12,48,4.0,4.0,1.0,100
small-002,small,1,propagate,48,13,3,6,13,12,12,48,4.0,4.0,1.0,100
small-002,small,2,sanitize,48,13,3,5,13,11,12,48,4.363636,4.0,1.0,100
small-002,small,3,branch,48,13,3,4,13,11,11,48,4.363636,4.363636,1.0,108
small-002,small,4,return,40,13,3,7,13,10,10,40,4.0,4.0,1.0,78
small-002,small,5,sink,40,13,3,5,13,10,10,40,4.0,4.0,1.0,78
small-003,small,0,source,48,13,3,7,13,12,12,48,4.0,4.0,1.0,96
small-003,small,1,propagate,48,13,3,6,13,12,12,48,4.0,4.0,1.0,96
small-003,small,2,sanitize,48,13,3,5,13,12,12,48,4.0,4.0,1.0,96
small-003,small,3,branch,48,13,3,5,13,12,12,48,4.0,4.0,1.0,98
small-003,small,4,return,44,13,3,7,13,11,11,44,4.0,4.0,1.0,88
small-003,small,5,sink,44,13,3,5,13,11,11,44,4.0,4.0,1.0,88
small-004,small,0,source,48,13,4,7,13,12,12,48,4.0,4.0,1.0,98
small-004,small,1,propagate,48,13,4,6,13,12,12,48,4.0,4.0,1.0,98
small-004,small,2,sanitize,48,13,3,5,13,11,12,48,4.363636,4.0,1.0,108
small-004,small,3,branch,48,13,3,6,13,11,11,48,4.363636,4.363636,1.0,112
small-004,small,4,return,44,13,3,6,13,10,10,44,4.4,4.4,1.0,96
small-004,small,5,sink,44,13,3,5,13,10,9,44,4.4,4.888889,1.0,94
small-005,small,0,source,48,13,4,8,13,12,12,48,4.0,4.0,1.0,98
small-005,small,1,propagate,48,13,4,6,13,12,12,48,4.0,4.0,1.0,98
small-005,small,2,sanitize,48,13,3,5,13,12,12,48,4.0,4.0,1.0,104
small-005,small,3,branch,48,13,3,5,13,12,12,48,4.0,4.0,1.0,114
small-005,small,4,return,44,13,3,7,13,11,11,44,4.0,4.0,1.0,98
small-005,small,5,sink,44,13,3,5,13,11,11,44,4.0,4.0,1.0,98
small-006,small,0,source,48,13,3,8,13,12,12,48,4.0,4.0,1.0,88
small-006,small,1,propagate,48,13,3,6,13,12,12,48,4.0,4.0,1.0,88
small-006,small,2,sanitize,48,13,3,5,13,12,12,48,4.0,4.0,1.0,88
small-006,small,3,branch,48,13,3,5,13,12,12,48,4.0,4.0,1.0,98
small-006,small,4,return,44,13,3,7,13,11,11,44,4.0,4.0,1.0,84
small-006,small,5,sink,44,13,3,5,13,11,11,44,4.0,4.0,1.0,84
small-007,small,0,source,48,13,3,8,13,12,12,48,4.0,4.0,1.0,92
small-007,small,1,propagate,48,13,3,7,13,12,12,48,4.0,4.0,1.0,92
small-007,small,2,sanitize,48,13,3,5,13,12,12,48,4.0,4.0,1.0,90
small-007,small,3,branch,48,13,3,5,13,12,12,48,4.0,4.0,1.0,104
small-007,small,4,return,48,13,3,7,13,12,12,48,4.0,4.0,1.0,104
small-007,small,5,sink,48,13,3,5,13,12,12,48,4.0,4.0,1.0,104
small-008,small,0,source,48,13,3,9,13,12,12,48,4.0,4.0,1.0,96
small-008,small,1,propagate,48,13,3,6,13,12,12,48,4.0,4.0,1.0,96
small-008,small,2,sanitize,48,13,3,4,13,12,12,48,4.0,4.0,1.0,94
small-008,small,3,branch,48,13,3,5,13,12,12,48,4.0,4.0,1.0,102
small-008,small,4,return,44,13,3,6,13,11,11,44,4.0,4.0,1.0,90
small-008,small,5,sink,44,13,3,5,13,11,11,44,4.0,4.0,1.0,90
small-009,small,0,source,48,13,3,6,13,12,12,48,4.0,4.0,1.0,96
small-009,small,1,propagate,48,13,3,8,13,12,12,48,4.0,4.0,1.0,96
small-009,small,2,sanitize,48,13,3,4,13,12,12,48,4.0,4.0,1.0,102
small-009,small,3,branch,48,13,3,7,13,12,12,48,4.0,4.0,1.0,110
small-009,small,4,return,36,13,3,6,13,9,9,36,4.0,4.0,1.0,68
small-009,small,5,sink,36,13,3,5,13,9,8,36,4.0,4.5,1.0,66
small-010,small,0,source,48,13,3,8,13,12,12,48,4.0,4.0,1.0,108
small-010,small,1,propagate,48,13,3,6,13,12,12,48,4.0,4.0,1.0,108
small-010,small,2,sanitize,48,13,3,5,13,12,12,48,4.0,4.0,1.0,108
small-010,small,3,branch,48,13,3,5,13,12,12,48,4.0,4.0,1.0,108
small-010,small,4,return,44,13,3,7,13,11,11,44,4.0,4.0,1.0,104
small-010,small,5,sink,44,13,3,5,13,11,11,44,4.0,4.0,1.0,104
small-011,small,0,source,48,13,3,6,13,12,12,48,4.0,4.0,1.0,90
small-011,small,1,propagate,48,13,3,7,13,12,12,48,4.0,4.0,1.0,90
small-011,small,2,sanitize,48,13,3,5,13,12,12,48,4.0,4.0,1.0,100
small-011,small,3,branch,48,13,3,6,13,12,12,48,4.0,4.0,1.0,110
small-011,small,4,return,48,13,3,6,13,12,12,48,4.0,4.0,1.0,110
small-011,small,5,sink,48,13,3,5,13,12,12,48,4.0,4.0,1.0,110
small-012,small,0,source,48,13,4,7,13,12,12,48,4.0,4.0,1.0,96
small-012,small,1,propagate,48,13,4,7,13,12,12,48,4.0,4.0,1.0,96
small-012,small,2,sanitize,48,13,4,5,13,12,12,48,4.0,4.0,1.0,102
small-012,small,3,branch,48,13,3,6,13,11,11,48,4.363636,4.363636,1.0,100
small-012,small,4,return,48,13,3,6,13,11,11,48,4.363636,4.363636,1.0,108
small-012,small,5,sink,48,13,3,5,13,11,10,48,4.363636,4.8,1.0,106
small-013,small,0,source,48,13,2,6,13,12,12,48,4.0,4.0,1.0,98
small-013,small,1,propagate,48,13,2,6,13,12,12,48,4.0,4.0,1.0,98
small-013,small,2,sanitize,48,13,2,4,13,12,12,48,4.0,4.0,1.0,102
small-013,small,3,branch,48,13,2,6,13,12,12,48,4.0,4.0,1.0,108
small-013,small,4,return,44,13,2,5,13,11,11,44,4.0,4.0,1.0,94
small-013,small,5,sink,44,13,2,5,13,11,11,44,4.0,4.0,1.0,94
small-014,small,0,source,48,13,3,9,13,12,12,48,4.0,4.0,1.0,100
small-014,small,1,propagate,48,13,3,6,13,12,12,48,4.0,4.0,1.0,100
small-014,small,2,sanitize,48,13,3,4,13,12,12,48,4.0,4.0,1.0,104
small-014,small,3,branch,48,13,3,5,13,12,12,48,4.0,4.0,1.0,114
small-014,small,4,return,44,13,3,7,13,11,11,44,4.0,4.0,1.0,92
small-014,small,5,sink,44,13,3,5,13,11,11,44,4.0,4.0,1.0,92
small-015,small,0,source,48,13,3,7,13,12,12,48,4.0,4.0,1.0,104
small-015,small,1,propagate,48,13,3,7,13,12,12,48,4.0,4.0,1.0,104
small-015,small,2,sanitize,48,13,3,5,13,12,12,48,4.0,4.0,1.0,104
small-015,small,3,branch,48,13,3,5,13,12,12,48,4.0,4.0,1.0,110
small-015,small,4,return,48,13,2,5,13,11,11,48,4.363636,4.363636,1.0,112
small-015,small,5,sink,48,13,2,5,13,11,11,48,4.363636,4.363636,1.0,112
small-016,small,0,source,48,13,3,7,13,12,12,48,4.0,4.0,1.0,104
small-016,small,1,propagate,48,13,3,7,13,12,12,48,4.0,4.0,1.0,104
small-016,small,2,sanitize,48,13,3,5,13,12,12,48,4.0,4.0,1.0,108
small-016,small,3,branch,48,13,3,6,13,12,12,48,4.0,4.0,1.0,120
small-016,small,4,return,48,13,3,6,13,12,12,48,4.0,4.0,1.0,118
small-016,small,5,sink,48,13,3,5,13,12,12,48,4.0,4.0,1.0,118
small-017,small,0,source,48,13,3,7,13,12,12,48,4.0,4.0,1.0,110
small-017,small,1,propagate,48,13,3,6,13,12,12,48,4.0,4.0,1.0,110
small-017,small,2,sanitize,48,13,3,5,13,12,12,48,4.0,4.0,1.0,116
small-017,small,3,branch,48,13,3,7,13,12,12,48,4.0,4.0,1.0,118
small-017,small,4,return,40,13,3,6,13,10,10,40,4.0,4.0,1.0,86
small-017,small,5,sink,40,13,3,5,13,10,10,40,4.0,4.0,1.0,86
small-018,small,0,source,48,13,3,7,13,12,12,48,4.0,4.0,1.0,90
small-018,small,1,propagate,48,13,3,7,13,12,12,48,4.0,4.0,1.0,90
small-018,small,2,sanitize,48,13,3,5,13,12,12,48,4.0,4.0,1.0,90
small-018,small,3,branch,48,13,3,6,13,12,12,48,4.0,4.0,1.0,90
small-018,small,4,return,44,13,3,6,13,11,11,44,4.0,4.0,1.0,90
small-018,small,5,sink,44,13,3,5,13,11,11,44,4.0,4.0,1.0,90
small-019,small,0,source,48,13,3,6,13,12,12,48,4.0,4.0,1.0,88
small-019,small,1,propagate,48,13,3,7,13,12,12,48,4.0,4.0,1.0,88
small-019,small,2,sanitize,48,13,3,5,13,12,12,48,4.0,4.0,1.0,88
small-019,small,3,branch,48,13,3,7,13,12,12,48,4.0,4.0,1.0,98
small-019,small,4,return,44,13,3,6,13,11,11,44,4.0,4.0,1.0,84
small-019,small,5,sink,44,13,3,5,13,11,11,44,4.0,4.0,1.0,84
small-020,small,0,source,48,13,3,9,13,12,12,48,4.0,4.0,1.0,96
small-020,small,1,propagate,48,13,3,7,13,12,12,48,4.0,4.0,1.0,96
small-020,small,2,sanitize,48,13,3,4,13,12,12,48,4.0,4.0,1.0,104
small-020,small,3,branch,48,13,3,6,13,12,12,48,4.0,4.0,1.0,116
small-020,small,4,return,44,13,3,7,13,11,11,44,4.0,4.0,1.0,102
small-020,small,5,sink,44,13,3,5,13,11,10,44,4.0,4.4,1.0,100
small-021,small,0,source,48,13,3,7,13,12,12,48,4.0,4.0,1.0,96
small-021,small,1,propagate,48,13,3,7,13,12,12,48,4.0,4.0,1.0,96
small-021,small,2,sanitize,48,13,3,4,13,12,12,48,4.0,4.0,1.0,102
small-021,small,3,branch,48,13,3,7,13,12,12,48,4.0,4.0,1.0,98
small-021,small,4,return,36,13,3,6,13,9,9,36,4.0,4.0,1.0,62
small-021,small,5,sink,36,13,3,5,13,9,9,36,4.0,4.0,1.0,62
small-022,small,0,source,48,13,3,7,13,12,12,48,4.0,4.0,1.0,88
small-022,small,1,propagate,48,13,3,6,13,12,12,48,4.0,4.0,1.0,88
small-022,small,2,sanitize,48,13,3,5,13,12,12,48,4.0,4.0,1.0,96
small-022,small,3,branch,48,13,3,6,13,12,12,48,4.0,4.0,1.0,96
small-022,small,4,return,40,13,3,6,13,10,10,40,4.0,4.0,1.0,80
small-022,small,5,sink,40,13,3,5,13,10,10,40,4.0,4.0,1.0,80
small-023,small,0,source,48,13,3,7,13,12,12,48,4.0,4.0,1.0,94
small-023,small,1,propagate,48,13,3,6,13,12,12,48,4.0,4.0,1.0,94
small-023,small,2,sanitize,48,13,3,5,13,12,12,48,4.0,4.0,1.0,102
small-023,small,3,branch,48,13,3,5,13,12,12,48,4.0,4.0,1.0,108
small-023,small,4,return,44,13,3,7,13,11,11,44,4.0,4.0,1.0,98
small-023,small,5,sink,44,13,3,5,13,11,10,44,4.0,4.4,1.0,96
small-024,small,0,source,48,13,4,8,13,12,12,48,4.0,4.0,1.0,88
small-024,small,1,propagate,48,13,3,7,13,12,12,48,4.0,4.0,1.0,88
small-024,small,2,sanitize,48,13,3,5,13,12,12,48,4.0,4.0,1.0,98
small-024,small,3,branch,48,13,3,6,13,12,12,48,4.0,4.0,1.0,104
small-024,small,4,return,48,13,3,6,13,12,12,48,4.0,4.0,1.0,114
small-024,small,5,sink,48,13,3,5,13,12,11,48,4.0,4.363636,1.0,112
small-025,small,0,source,48,13,3,7,13,12,12,48,4.0,4.0,1.0,104
small-025,small,1,propagate,48,13,3,7,13,12,12,48,4.0,4.0,1.0,104
small-025,small,2,sanitize,48,13,3,4,13,12,12,48,4.0,4.0,1.0,110
small-025,small,3,branch,48,13,3,6,13,12,12,48,4.0,4.0,1.0,108
small-025,small,4,return,40,13,3,6,13,10,10,40,4.0,4.0,1.0,86
small-025,small,5,sink,40,13,3,5,13,10,9,40,4.0,4.444444,1.0,84
small-026,small,0,source,48,13,4,8,13,12,12,48,4.0,4.0,1.0,106
small-026,small,1,propagate,48,13,3,6,13,12,12,48,4.0,4.0,1.0,106
small-026,small,2,sanitize,48,13,3,5,13,12,12,48,4.0,4.0,1.0,112
small-026,small,3,branch,48,13,3,5,13,12,12,48,4.0,4.0,1.0,118
small-026,small,4,return,40,13,3,7,13,10,10,40,4.0,4.0,1.0,84
small-026,small,5,sink,40,13,3,5,13,10,10,40,4.0,4.0,1.0,84
small-027,small,0,source,48,13,3,6,13,12,12,48,4.0,4.0,1.0,82
small-027,small,1,propagate,48,13,3,7,13,12,12,48,4.0,4.0,1.0,82
small-027,small,2,sanitize,48,13,3,5,13,12,12,48,4.0,4.0,1.0,94
small-027,small,3,branch,48,13,3,7,13,12,12,48,4.0,4.0,1.0,108
small-027,small,4,return,44,13,3,6,13,11,11,44,4.0,4.0,1.0,90
small-027,small,5,sink,44,13,3,5,13,11,11,44,4.0,4.0,1.0,90
small-028,small,0,source,48,13,3,7,13,12,12,48,4.0,4.0,1.0,92
small-028,small,1,propagate,48,13,3,7,13,12,12,48,4.0,4.0,1.0,92
small-028,small,2,sanitize,48,13,3,5,13,12,12,48,4.0,4.0,1.0,100
small-028,small,3,branch,48,13,3,7,13,12,12,48,4.0,4.0,1.0,114
small-028,small,4,return,48,13,3,6,13,12,12,48,4.0,4.0,1.0,120
small-028,small,5,sink,48,13,3,5,13,12,12,48,4.0,4.0,1.0,120
small-029,small,0,source,48,13,3,7,13,12,12,48,4.0,4.0,1.0,96
small-029,small,1,propagate,48,13,3,6,13,12,12,48,4.0,4.0,1.0,96
small-029,small,2,sanitize,48,13,3,5,13,12,12,48,4.0,4.0,1.0,100
small-029,small,3,branch,48,13,3,5,13,12,12,48,4.0,4.0,1.0,108
small-029,small,4,return,36,13,2,5,13,9,9,36,4.0,4.0,1.0,66
small-029,small,5,sink,36,13,2,5,13,9,9,36,4.0,4.0,1.0,66
small-030,small,0,source,48,13,3,7,13,12,12,48,4.0,4.0,1.0,100
small-030,small,1,propagate,48,13,3,6,13,12,12,48,4.0,4.0,1.0,100
small-030,small,2,sanitize,48,13,3,5,13,12,12,48,4.0,4.0,1.0,104
small-030,small,3,branch,48,13,3,6,13,12,12,48,4.0,4.0,1.0,104
small-030,small,4,return,44,13,3,6,13,11,11,44,4.0,4.0,1.0,100
small-030,small,5,sink,44,13,3,5,13,11,11,44,4.0,4.0,1.0,100
small-031,small,0,source,48,13,3,6,13,12,12,48,4.0,4.0,1.0,98
small-031,small,1,propagate,48,13,3,7,13,12,12,48,4.0,4.0,1.0,98
small-031,small,2,sanitize,48,13,3,5,13,12,12,48,4.0,4.0,1.0,110
small-031,small,3,branch,48,13,3,6,13,12,12,48,4.0,4.0,1.0,116
small-031,small,4,return,48,13,3,6,13,12,12,48,4.0,4.0,1.0,118
small-031,small,5,sink,48,13,3,5,13,12,9,48,4.0,5.333333,1.0,112
small-032,small,0,source,48,13,3,7,13,12,12,48,4.0,4.0,1.0,94
small-032,small,1,propagate,48,13,3,7,13,12,12,48,4.0,4.0,1.0,94
small-032,small,2,sanitize,48,13,3,5,13,12,12,48,4.0,4.0,1.0,94
small-032,small,3,branch,48,13,3,7,13,12,12,48,4.0,4.0,1.0,104
small-032,small,4,return,40,13,3,6,13,10,10,40,4.0,4.0,1.0,78
small-032,small,5,sink,40,13,3,5,13,10,10,40,4.0,4.0,1.0,78
small-033,small,0,source,48,13,3,7,13,11,11,48,4.363636,4.363636,1.0,100
small-033,small,1,propagate,48,13,3,7,13,11,12,48,4.363636,4.0,1.0,100
small-033,small,2,sanitize,48,13,3,5,13,11,11,48,4.363636,4.363636,1.0,104
small-033,small,3,branch,48,13,3,7,13,11,11,48,4.363636,4.363636,1.0,106
small-033,small,4,return,40,13,3,6,13,9,9,40,4.444444,4.444444,1.0,78
small-033,small,5,sink,40,13,3,5,13,9,9,40,4.444444,4.444444,1.0,78
small-034,small,0,source,48,13,4,8,13,12,12,48,4.0,4.0,1.0,106
small-034,small,1,propagate,48,13,4,5,13,12,12,48,4.0,4.0,1.0,106
small-034,small,2,sanitize,48,13,3,5,13,11,12,48,4.363636,4.0,1.0,108
small-034,small,3,branch,48,13,3,5,13,11,11,48,4.363636,4.363636,1.0,114
small-034,small,4,return,44,13,3,7,13,9,9,44,4.888889,4.888889,1.0,96
small-034,small,5,sink,44,13,3,5,13,9,9,44,4.888889,4.888889,1.0,96
small-035,small,0,source,48,13,3,7,13,12,12,48,4.0,4.0,1.0,94
small-035,small,1,propagate,48,13,3,7,13,12,12,48,4.0,4.0,1.0,94
small-035,small,2,sanitize,48,13,3,4,13,12,12,48,4.0,4.0,1.0,106
small-035,small,3,branch,48,13,3,5,13,12,12,48,4.0,4.0,1.0,106
small-035,small,4,return,40,13,3,6,13,10,10,40,4.0,4.0,1.0,86
small-035,small,5,sink,40,13,3,5,13,10,10,40,4.0,4.0,1.0,86
small-036,small,0,source,48,13,3,8,13,12,12,48,4.0,4.0,1.0,82
small-036,small,1,propagate,48,13,3,5,13,12,12,48,4.0,4.0,1.0,82
small-036,small,2,sanitize,48,13,3,4,13,12,12,48,4.0,4.0,1.0,88
small-036,small,3,branch,48,13,3,5,13,12,12,48,4.0,4.0,1.0,96
small-036,small,4,return,44,13,3,6,13,10,10,44,4.4,4.4,1.0,92
small-036,small,5,sink,44,13,3,5,13,10,10,44,4.4,4.4,1.0,92
small-037,small,0,source,48,13,3,6,13,12,12,48,4.0,4.0,1.0,98
small-037,small,1,propagate,48,13,3,6,13,12,12,48,4.0,4.0,1.0,98
small-037,small,2,sanitize,48,13,3,5,13,12,12,48,4.0,4.0,1.0,108
small-037,small,3,branch,48,13,3,5,13,12,12,48,4.0,4.0,1.0,114
small-037,small,4,return,44,13,3,7,13,11,11,44,4.0,4.0,1.0,104
small-037,small,5,sink,44,13,3,5,13,11,10,44,4.0,4.4,1.0,102
small-038,small,0,source,48,13,3,8,13,12,12,48,4.0,4.0,1.0,100
small-038,small,1,propagate,48,13,3,6,13,12,12,48,4.0,4.0,1.0,100
small-038,small,2,sanitize,48,13,3,5,13,12,12,48,4.0,4.0,1.0,102
small-038,small,3,branch,48,13,3,5,13,12,12,48,4.0,4.0,1.0,100
small-038,small,4,return,36,13,3,7,13,9,9,36,4.0,4.0,1.0,70
small-038,small,5,sink,36,13,3,5,13,9,9,36,4.0,4.0,1.0,70
small-039,small,0,source,48,13,3,8,13,12,12,48,4.0,4.0,1.0,104
small-039,small,1,propagate,48,13,3,6,13,12,12,48,4.0,4.0,1.0,104
small-039,small,2,sanitize,48,13,3,5,13,12,12,48,4.0,4.0,1.0,94
small-039,small,3,branch,48,13,3,5,13,12,12,48,4.0,4.0,1.0,98
small-039,small,4,return,44,13,2,6,13,10,10,44,4.4,4.4,1.0,86
small-039,small,5,sink,44,13,2,5,13,10,10,44,4.4,4.4,1.0,86
small-040,small,0,source,48,13,3,7,13,12,12,48,4.0,4.0,1.0,100
small-040,small,1,propagate,48,13,3,7,13,12,12,48,4.0,4.0,1.0,100
small-040,small,2,sanitize,48,13,3,5,13,12,12,48,4.0,4.0,1.0,98
small-040,small,3,branch,48,13,3,6,13,12,12,48,4.0,4.0,1.0,108
small-040,small,4,return,48,13,3,6,13,12,12,48,4.0,4.0,1.0,116
small-040,small,5,sink,48,13,3,5,13,12,12,48,4.0,4.0,1.0,116
small-041,small,0,source,48,13,3,6,13,12,12,48,4.0,4.0,1.0,94
small-041,small,1,propagate,48,13,3,7,13,12,12,48,4.0,4.0,1.0,94
small-041,small,2,sanitize,48,13,3,4,13,12,12,48,4.0,4.0,1.0,108
small-041,small,3,branch,48,13,2,5,13,11,11,48,4.363636,4.363636,1.0,106
small-041,small,4,return,32,13,2,5,13,8,8,32,4.0,4.0,1.0,56
small-041,small,5,sink,32,13,2,5,13,8,8,32,4.0,4.0,1.0,56
small-042,small,0,source,48,13,3,8,13,12,12,48,4.0,4.0,1.0,92
small-042,small,1,propagate,48,13,3,6,13,12,12,48,4.0,4.0,1.0,92
small-042,small,2,sanitize,48,13,3,5,13,12,12,48,4.0,4.0,1.0,100
small-042,small,3,branch,48,13,3,6,13,12,12,48,4.0,4.0,1.0,108
small-042,small,4,return,36,13,2,5,13,9,9,36,4.0,4.0,1.0,66
small-042,small,5,sink,36,13,2,5,13,9,9,36,4.0,4.0,1.0,66
small-043,small,0,source,48,13,3,6,13,12,12,48,4.0,4.0,1.0,102
small-043,small,1,propagate,48,13,3,6,13,12,12,48,4.0,4.0,1.0,102
small-043,small,2,sanitize,48,13,3,4,13,12,12,48,4.0,4.0,1.0,108
small-043,small,3,branch,48,13,3,5,13,12,12,48,4.0,4.0,1.0,112
small-043,small,4,return,40,13,3,7,13,10,10,40,4.0,4.0,1.0,86
small-043,small,5,sink,40,13,3,5,13,10,10,40,4.0,4.0,1.0,86
small-044,small,0,source,48,13,4,8,13,12,12,48,4.0,4.0,1.0,84
small-044,small,1,propagate,48,13,3,6,13,11,12,48,4.363636,4.0,1.0,82
small-044,small,2,sanitize,48,13,3,4,13,11,11,48,4.363636,4.363636,1.0,90
small-044,small,3,branch,48,13,3,6,13,11,11,48,4.363636,4.363636,1.0,90
small-044,small,4,return,44,13,3,6,13,10,10,44,4.4,4.4,1.0,82
small-044,small,5,sink,44,13,3,5,13,10,10,44,4.4,4.4,1.0,82
small-045,small,0,source,48,13,3,6,13,12,12,48,4.0,4.0,1.0,94
small-045,small,1,propagate,48,13,3,7,13,12,12,48,4.0,4.0,1.0,94
small-045,small,2,sanitize,48,13,3,4,13,12,12,48,4.0,4.0,1.0,96
small-045,small,3,branch,48,13,2,5,13,10,12,48,4.8,4.0,1.0,96
small-045,small,4,return,32,13,2,5,13,8,8,32,4.0,4.0,1.0,46
small-045,small,5,sink,32,13,2,5,13,8,8,32,4.0,4.0,1.0,46
small-046,small,0,source,48,13,3,7,13,12,12,48,4.0,4.0,1.0,90
small-046,small,1,propagate,48,13,3,7,13,12,12,48,4.0,4.0,1.0,90
small-046,small,2,sanitize,48,13,3,5,13,12,12,48,4.0,4.0,1.0,92
small-046,small,3,branch,48,13,3,6,13,12,12,48,4.0,4.0,1.0,98
small-046,small,4,return,44,13,2,5,13,11,11,44,4.0,4.0,1.0,84
small-046,small,5,sink,44,13,2,5,13,11,11,44,4.0,4.0,1.0,84
small-047,small,0,source,48,13,4,7,13,12,12,48,4.0,4.0,1.0,96
small-047,small,1,propagate,48,13,4,6,13,12,12,48,4.0,4.0,1.0,96
small-047,small,2,sanitize,48,13,3,4,13,12,12,48,4.0,4.0,1.0,102
small-047,small,3,branch,48,13,3,6,13,12,12,48,4.0,4.0,1.0,106
small-047,small,4,return,40,13,3,6,13,10,10,40,4.0,4.0,1.0,84
small-047,small,5,sink,40,13,3,5,13,10,10,40,4.0,4.0,1.0,84
small-048,small,0,source,48,13,3,8,13,12,12,48,4.0,4.0,1.0,108
small-048,small,1,propagate,48,13,3,6,13,12,12,48,4.0,4.0,1.0,108
small-048,small,2,sanitize,48,13,3,5,13,12,12,48,4.0,4.0,1.0,110
small-048,small,3,branch,48,13,3,5,13,12,12,48,4.0,4.0,1.0,116
small-048,small,4,return,48,13,3,7,13,11,11,48,4.363636,4.363636,1.0,116
small-048,small,5,sink,48,13,3,5,13,11,11,48,4.363636,4.363636,1.0,116
small-049,small,0,source,48,13,3,8,13,12,12,48,4.0,4.0,1.0,100
small-049,small,1,propagate,48,13,3,7,13,12,12,48,4.0,4.0,1.0,100
small-049,small,2,sanitize,48,13,3,4,13,12,12,48,4.0,4.0,1.0,104
small-049,small,3,branch,48,13,3,5,13,12,12,48,4.0,4.0,1.0,106
small-049,small,4,return,40,13,3,7,13,10,10,40,4.0,4.0,1.0,84
small-049,small,5,sink,40,13,3,5,13,10,10,40,4.0,4.0,1.0,84
small-050,small,0,source,48,13,3,7,13,12,12,48,4.0,4.0,1.0,100
small-050,small,1,propagate,48,13,3,7,13,12,12,48,4.0,4.0,1.0,100
small-050,small,2,sanitize,48,13,3,5,13,12,12,48,4.0,4.0,1.0,100
small-050,small,3,branch,48,13,3,6,13,11,11,48,4.363636,4.363636,1.0,104
small-050,small,4,return,36,13,3,6,13,9,9,36,4.0,4.0,1.0,70
small-050,small,5,sink,36,13,3,5,13,9,9,36,4.0,4.0,1.0,70
small-051,small,0,source,48,13,3,7,13,12,12,48,4.0,4.0,1.0,98
small-051,small,1,propagate,48,13,3,7,13,12,12,48,4.0,4.0,1.0,98
small-051,small,2,sanitize,48,13,3,5,13,12,12,48,4.0,4.0,1.0,102
small-051,small,3,branch,48,13,3,6,13,12,12,48,4.0,4.0,1.0,106
small-051,small,4,return,40,13,3,6,13,10,10,40,4.0,4.0,1.0,84
small-051,small,5,sink,40,13,3,5,13,10,10,40,4.0,4.0,1.0,84
small-052,small,0,source,48,13,3,7,13,12,12,48,4.0,4.0,1.0,92
small-052,small,1,propagate,48,13,3,7,13,12,12,48,4.0,4.0,1.0,92
small-052,small,2,sanitize,48,13,3,5,13,12,12,48,4.0,4.0,1.0,96
small-052,small,3,branch,48,13,3,6,13,12,12,48,4.0,4.0,1.0,110
small-052,small,4,return,48,13,2,5,13,11,11,48,4.363636,4.363636,1.0,108
small-052,small,5,sink,48,13,2,5,13,11,11,48,4.363636,4.363636,1.0,108
small-053,small,0,source,48,13,4,8,13,12,12,48,4.0,4.0,1.0,106
small-053,small,1,propagate,48,13,4,7,13,12,12,48,4.0,4.0,1.0,106
small-053,small,2,sanitize,48,13,4,5,13,12,12,48,4.0,4.0,1.0,114
small-053,small,3,branch,48,13,4,6,13,12,12,48,4.0,4.0,1.0,114
small-053,small,4,return,44,13,3,7,13,11,11,44,4.0,4.0,1.0,92
small-053,small,5,sink,44,13,3,5,13,11,11,44,4.0,4.0,1.0,92
small-054,small,0,source,48,13,3,8,13,12,12,48,4.0,4.0,1.0,94
small-054,small,1,propagate,48,13,3,7,13,12,12,48,4.0,4.0,1.0,94
small-054,small,2,sanitize,48,13,3,5,13,12,12,48,4.0,4.0,1.0,92
small-054,small,3,branch,48,13,3,5,13,12,12,48,4.0,4.0,1.0,104
small-054,small,4,return,40,13,3,6,13,10,10,40,4.0,4.0,1.0,66
small-054,small,5,sink,40,13,3,5,13,10,10,40,4.0,4.0,1.0,66
small-055,small,0,source,48,13,3,6,13,12,12,48,4.0,4.0,1.0,92
small-055,small,1,propagate,48,13,3,7,13,12,12,48,4.0,4.0,1.0,92
small-055,small,2,sanitize,48,13,3,5,13,12,12,48,4.0,4.0,1.0,100
small-055,small,3,branch,48,13,3,6,13,12,12,48,4.0,4.0,1.0,104
small-055,small,4,return,44,13,3,6,13,11,11,44,4.0,4.0,1.0,90
small-055,small,5,sink,44,13,3,5,13,11,11,44,4.0,4.0,1.0,90
small-056,small,0,source,48,13,4,7,13,12,12,48,4.0,4.0,1.0,100
small-056,small,1,propagate,48,13,4,8,13,12,12,48,4.0,4.0,1.0,100
small-056,small,2,sanitize,48,13,4,4,13,12,12,48,4.0,4.0,1.0,104
small-056,small,3,branch,48,13,4,6,13,12,12,48,4.0,4.0,1.0,108
small-056,small,4,return,36,13,3,6,13,9,9,36,4.0,4.0,1.0,62
small-056,small,5,sink,36,13,3,5,13,9,9,36,4.0,4.0,1.0,62
small-057,small,0,source,48,13,3,7,13,12,12,48,4.0,4.0,1.0,88
small-057,small,1,propagate,48,13,3,6,13,12,12,48,4.0,4.0,1.0,88
small-057,small,2,sanitize,48,13,3,5,13,12,12,48,4.0,4.0,1.0,100
small-057,small,3,branch,48,13,3,5,13,12,12,48,4.0,4.0,1.0,110
small-057,small,4,return,36,13,3,7,13,9,9,36,4.0,4.0,1.0,68
small-057,small,5,sink,36,13,3,5,13,9,9,36,4.0,4.0,1.0,68
small-058,small,0,source,48,13,3,7,13,12,12,48,4.0,4.0,1.0,96
small-058,small,1,propagate,48,13,3,6,13,12,12,48,4.0,4.0,1.0,96
small-058,small,2,sanitize,48,13,3,5,13,12,12,48,4.0,4.0,1.0,104
small-058,small,3,branch,48,13,3,6,13,12,12,48,4.0,4.0,1.0,106
small-058,small,4,return,40,13,3,6,13,10,10,40,4.0,4.0,1.0,78
small-058,small,5,sink,40,13,3,5,13,10,10,40,4.0,4.0,1.0,78
small-059,small,0,source,48,13,3,7,13,12,12,48,4.0,4.0,1.0,92
small-059,small,1,propagate,48,13,3,6,13,12,12,48,4.0,4.0,1.0,92
small-059,small,2,sanitize,48,13,3,5,13,12,12,48,4.0,4.0,1.0,90
small-059,small,3,branch,48,13,3,6,13,12,12,48,4.0,4.0,1.0,92
small-059,small,4,return,36,13,3,7,13,9,9,36,4.0,4.0,1.0,60
small-059,small,5,sink,36,13,3,5,13,9,9,36,4.0,4.0,1.0,60
medium-000,medium,0,source,96,14,4,9,14,24,24,96,4.0,4.0,1.0,298
medium-000,medium,1,propagate,96,14,4,8,14,24,24,96,4.0,4.0,1.0,298
medium-000,medium,2,helper,96,14,4,7,14,24,24,96,4.0,4.0,1.0,292
medium-000,medium,3,nested-call,96,14,4,7,14,23,23,96,4.173913,4.173913,1.0,354
medium-000,medium,4,nested-return,96,14,3,7,14,20,23,96,4.8,4.173913,1.0,274
medium-000,medium,5,sanitize,36,14,2,4,14,9,9,36,4.0,4.0,1.0,58
medium-000,medium,6,branch,36,14,2,5,14,9,9,36,4.0,4.0,1.0,58
medium-000,medium,7,return,24,14,2,5,14,6,6,24,4.0,4.0,1.0,16
medium-000,medium,8,sink,8,14,1,5,14,2,2,8,4.0,4.0,1.0,2
medium-001,medium,0,source,96,14,4,8,14,24,24,96,4.0,4.0,1.0,290
medium-001,medium,1,propagate,96,14,4,8,14,24,24,96,4.0,4.0,1.0,290
medium-001,medium,2,helper,96,14,4,7,14,24,24,96,4.0,4.0,1.0,316
medium-001,medium,3,nested-call,96,14,4,8,14,24,24,96,4.0,4.0,1.0,346
medium-001,medium,4,nested-return,96,14,3,8,14,17,24,96,5.647059,4.0,1.0,328
medium-001,medium,5,sanitize,52,14,2,4,14,13,13,52,4.0,4.0,1.0,118
medium-001,medium,6,branch,52,14,2,5,14,12,12,52,4.333333,4.333333,1.0,126
medium-001,medium,7,return,52,14,2,5,14,12,9,52,4.333333,5.777778,1.0,110
medium-001,medium,8,sink,28,14,2,5,14,6,6,28,4.666667,4.666667,1.0,34
medium-002,medium,0,source,96,14,3,8,14,24,24,96,4.0,4.0,1.0,282
medium-002,medium,1,propagate,96,14,3,6,14,24,24,96,4.0,4.0,1.0,282
medium-002,medium,2,helper,96,14,3,5,14,24,24,96,4.0,4.0,1.0,296
medium-002,medium,3,nested-call,96,14,4,8,14,24,24,96,4.0,4.0,1.0,318
medium-002,medium,4,nested-return,96,14,4,8,14,22,24,96,4.363636,4.0,1.0,290
medium-002,medium,5,sanitize,44,14,3,5,14,11,11,44,4.0,4.0,1.0,82
medium-002,medium,6,branch,44,14,3,6,14,11,11,44,4.0,4.0,1.0,80
medium-002,medium,7,return,40,14,2,5,14,8,9,40,5.0,4.444444,1.0,52
medium-002,medium,8,sink,16,14,2,5,14,4,4,16,4.0,4.0,1.0,12
medium-003,medium,0,source,96,14,4,9,14,24,24,96,4.0,4.0,1.0,282
medium-003,medium,1,propagate,96,14,4,7,14,24,24,96,4.0,4.0,1.0,282
medium-003,medium,2,helper,96,14,4,6,14,24,24,96,4.0,4.0,1.0,288
medium-003,medium,3,nested-call,96,14,4,8,14,24,24,96,4.0,4.0,1.0,332
medium-003,medium,4,nested-return,96,14,4,9,14,24,23,96,4.0,4.173913,1.0,276
medium-003,medium,5,sanitize,44,14,3,5,14,11,11,44,4.0,4.0,1.0,78
medium-003,medium,6,branch,44,14,3,5,14,11,11,44,4.0,4.0,1.0,82
medium-003,medium,7,return,36,14,2,5,14,9,9,36,4.0,4.0,1.0,58
medium-003,medium,8,sink,24,14,2,5,14,6,6,24,4.0,4.0,1.0,28
medium-004,medium,0,source,96,14,4,8,14,24,24,96,4.0,4.0,1.0,298
medium-004,medium,1,propagate,96,14,4,7,14,24,24,96,4.0,4.0,1.0,298
medium-004,medium,2,helper,96,14,4,7,14,24,24,96,4.0,4.0,1.0,330
medium-004,medium,3,nested-call,96,14,4,7,14,24,24,96,4.0,4.0,1.0,360
medium-004,medium,4,nested-return,96,14,4,9,14,24,24,96,4.0,4.0,1.0,348
medium-004,medium,5,sanitize,56,14,3,5,14,14,14,56,4.0,4.0,1.0,130
medium-004,medium,6,branch,56,14,3,5,14,14,14,56,4.0,4.0,1.0,136
medium-004,medium,7,return,52,14,2,6,14,11,13,52,4.727273,4.0,1.0,106
medium-004,medium,8,sink,28,14,2,5,14,7,7,28,4.0,4.0,1.0,30
medium-005,medium,0,source,96,14,4,8,14,24,24,96,4.0,4.0,1.0,296
medium-005,medium,1,propagate,96,14,4,8,14,24,24,96,4.0,4.0,1.0,296
medium-005,medium,2,helper,96,14,4,6,14,24,24,96,4.0,4.0,1.0,304
medium-005,medium,3,nested-call,96,14,4,6,14,24,24,96,4.0,4.0,1.0,346
medium-005,medium,4,nested-return,96,14,3,8,14,23,24,96,4.173913,4.0,1.0,310
medium-005,medium,5,sanitize,44,14,3,5,14,11,11,44,4.0,4.0,1.0,92
medium-005,medium,6,branch,44,14,3,6,14,11,11,44,4.0,4.0,1.0,98
medium-005,medium,7,return,40,14,3,5,14,10,9,40,4.0,4.444444,1.0,70
medium-005,medium,8,sink,20,14,2,5,14,5,5,20,4.0,4.0,1.0,20
medium-006,medium,0,source,96,14,4,9,14,24,24,96,4.0,4.0,1.0,294
medium-006,medium,1,propagate,96,14,4,8,14,24,24,96,4.0,4.0,1.0,294
medium-006,medium,2,helper,96,14,4,6,14,24,24,96,4.0,4.0,1.0,294
medium-006,medium,3,nested-call,96,14,4,8,14,24,24,96,4.0,4.0,1.0,334
medium-006,medium,4,nested-return,96,14,4,8,14,21,24,96,4.571429,4.0,1.0,330
medium-006,medium,5,sanitize,52,14,3,5,14,13,13,52,4.0,4.0,1.0,112
medium-006,medium,6,branch,52,14,3,6,14,13,13,52,4.0,4.0,1.0,124
medium-006,medium,7,return,44,14,3,6,14,11,11,44,4.0,4.0,1.0,84
medium-006,medium,8,sink,28,14,2,5,14,7,7,28,4.0,4.0,1.0,38
medium-007,medium,0,source,96,14,5,9,14,24,24,96,4.0,4.0,1.0,312
medium-007,medium,1,propagate,96,14,5,9,14,24,24,96,4.0,4.0,1.0,312
medium-007,medium,2,helper,96,14,5,5,14,24,24,96,4.0,4.0,1.0,332
medium-007,medium,3,nested-call,96,14,4,9,14,24,24,96,4.0,4.0,1.0,362
medium-007,medium,4,nested-return,96,14,4,9,14,19,24,96,5.052632,4.0,1.0,312
medium-007,medium,5,sanitize,48,14,3,4,14,11,11,48,4.363636,4.363636,1.0,98
medium-007,medium,6,branch,48,14,3,4,14,11,8,48,4.363636,6.0,1.0,92
medium-007,medium,7,return,48,14,2,5,14,6,9,48,8.0,5.333333,1.0,52
medium-007,medium,8,sink,12,14,1,5,14,3,3,12,4.0,4.0,1.0,6
medium-008,medium,0,source,96,14,4,8,14,24,24,96,4.0,4.0,1.0,272
medium-008,medium,1,propagate,96,14,4,8,14,24,24,96,4.0,4.0,1.0,272
medium-008,medium,2,helper,96,14,4,6,14,24,24,96,4.0,4.0,1.0,300
medium-008,medium,3,nested-call,96,14,4,6,14,24,23,96,4.0,4.173913,1.0,336
medium-008,medium,4,nested-return,96,14,3,9,14,23,23,96,4.173913,4.173913,1.0,322
medium-008,medium,5,sanitize,56,14,3,5,14,13,14,56,4.307692,4.0,1.0,134
medium-008,medium,6,branch,56,14,3,5,14,13,14,56,4.307692,4.0,1.0,146
medium-008,medium,7,return,44,14,3,7,14,11,11,44,4.0,4.0,1.0,90
medium-008,medium,8,sink,40,14,3,5,14,10,10,40,4.0,4.0,1.0,70
medium-009,medium,0,source,96,14,4,7,14,24,24,96,4.0,4.0,1.0,292
medium-009,medium,1,propagate,96,14,4,8,14,24,24,96,4.0,4.0,1.0,292
medium-009,medium,2,helper,96,14,4,7,14,24,24,96,4.0,4.0,1.0,300
medium-009,medium,3,nested-call,96,14,4,8,14,24,23,96,4.0,4.173913,1.0,336
medium-009,medium,4,nested-return,96,14,3,8,14,14,23,96,6.857143,4.173913,1.0,256
medium-009,medium,5,sanitize,36,14,2,4,14,7,7,36,5.142857,5.142857,1.0,52
medium-009,medium,6,branch,36,14,2,5,14,7,7,36,5.142857,5.142857,1.0,58
medium-009,medium,7,return,32,14,2,6,14,6,7,32,5.333333,4.571429,1.0,40
medium-009,medium,8,sink,16,14,2,5,14,4,4,16,4.0,4.0,1.0,12
medium-010,medium,0,source,96,14,4,8,14,24,24,96,4.0,4.0,1.0,330
medium-010,medium,1,propagate,96,14,4,7,14,24,24,96,4.0,4.0,1.0,330
medium-010,medium,2,helper,96,14,4,6,14,24,24,96,4.0,4.0,1.0,336
medium-010,medium,3,nested-call,96,14,4,7,14,24,23,96,4.0,4.173913,1.0,346
medium-010,medium,4,nested-return,96,14,3,8,14,20,24,96,4.8,4.0,1.0,292
medium-010,medium,5,sanitize,44,14,3,5,14,11,11,44,4.0,4.0,1.0,84
medium-010,medium,6,branch,44,14,3,5,14,11,11,44,4.0,4.0,1.0,88
medium-010,medium,7,return,36,14,2,5,14,9,8,36,4.0,4.5,1.0,52
medium-010,medium,8,sink,16,14,2,5,14,4,4,16,4.0,4.0,1.0,12
medium-011,medium,0,source,96,14,4,8,14,24,24,96,4.0,4.0,1.0,308
medium-011,medium,1,propagate,96,14,4,7,14,24,24,96,4.0,4.0,1.0,308
medium-011,medium,2,helper,96,14,4,7,14,24,24,96,4.0,4.0,1.0,314
medium-011,medium,3,nested-call,96,14,4,9,14,24,24,96,4.0,4.0,1.0,344
medium-011,medium,4,nested-return,96,14,4,9,14,24,24,96,4.0,4.0,1.0,292
medium-011,medium,5,sanitize,44,14,3,5,14,11,11,44,4.0,4.0,1.0,84
medium-011,medium,6,branch,44,14,3,5,14,11,11,44,4.0,4.0,1.0,88
medium-011,medium,7,return,44,14,3,6,14,10,11,44,4.4,4.0,1.0,70
medium-011,medium,8,sink,20,14,2,5,14,5,5,20,4.0,4.0,1.0,20
medium-012,medium,0,source,96,14,4,9,14,24,24,96,4.0,4.0,1.0,294
medium-012,medium,1,propagate,96,14,4,8,14,24,24,96,4.0,4.0,1.0,294
medium-012,medium,2,helper,96,14,4,7,14,24,24,96,4.0,4.0,1.0,312
medium-012,medium,3,nested-call,96,14,4,8,14,24,24,96,4.0,4.0,1.0,354
medium-012,medium,4,nested-return,96,14,4,9,14,23,24,96,4.173913,4.0,1.0,318
medium-012,medium,5,sanitize,48,14,3,5,14,12,12,48,4.0,4.0,1.0,96
medium-012,medium,6,branch,48,14,3,4,14,11,11,48,4.363636,4.363636,1.0,102
medium-012,medium,7,return,40,14,2,4,14,9,7,40,4.444444,5.714286,1.0,56
medium-012,medium,8,sink,20,14,1,5,14,4,4,20,5.0,5.0,1.0,12
medium-013,medium,0,source,96,14,4,7,14,24,24,96,4.0,4.0,1.0,304
medium-013,medium,1,propagate,96,14,4,8,14,24,24,96,4.0,4.0,1.0,304
medium-013,medium,2,helper,96,14,4,7,14,24,24,96,4.0,4.0,1.0,320
medium-013,medium,3,nested-call,96,14,4,7,14,24,24,96,4.0,4.0,1.0,342
medium-013,medium,4,nested-return,96,14,4,8,14,24,24,96,4.0,4.0,1.0,326
medium-013,medium,5,sanitize,48,14,3,5,14,12,12,48,4.0,4.0,1.0,102
medium-013,medium,6,branch,48,14,3,6,14,12,12,48,4.0,4.0,1.0,106
medium-013,medium,7,return,44,14,2,6,14,11,10,44,4.0,4.4,1.0,76
medium-013,medium,8,sink,24,14,2,5,14,5,5,24,4.8,4.8,1.0,22
medium-014,medium,0,source,96,14,4,8,14,24,24,96,4.0,4.0,1.0,298
medium-014,medium,1,propagate,96,14,4,7,14,24,24,96,4.0,4.0,1.0,298
medium-014,medium,2,helper,96,14,4,6,14,24,24,96,4.0,4.0,1.0,306
medium-014,medium,3,nested-call,96,14,4,9,14,24,24,96,4.0,4.0,1.0,342
medium-014,medium,4,nested-return,96,14,4,9,14,22,24,96,4.363636,4.0,1.0,302
medium-014,medium,5,sanitize,44,14,3,5,14,11,11,44,4.0,4.0,1.0,88
medium-014,medium,6,branch,44,14,3,5,14,11,11,44,4.0,4.0,1.0,94
medium-014,medium,7,return,44,14,2,6,14,10,10,44,4.4,4.4,1.0,82
medium-014,medium,8,sink,24,14,2,5,14,6,6,24,4.0,4.0,1.0,30
medium-015,medium,0,source,96,14,5,8,14,24,24,96,4.0,4.0,1.0,302
medium-015,medium,1,propagate,96,14,5,7,14,24,24,96,4.0,4.0,1.0,302
medium-015,medium,2,helper,96,14,4,7,14,24,24,96,4.0,4.0,1.0,306
medium-015,medium,3,nested-call,96,14,4,8,14,24,24,96,4.0,4.0,1.0,330
medium-015,medium,4,nested-return,96,14,4,10,14,24,24,96,4.0,4.0,1.0,360
medium-015,medium,5,sanitize,68,14,4,6,14,17,17,68,4.0,4.0,1.0,166
medium-015,medium,6,branch,68,14,4,6,14,17,17,68,4.0,4.0,1.0,176
medium-015,medium,7,return,52,14,3,6,14,13,12,52,4.0,4.333333,1.0,120
medium-015,medium,8,sink,32,14,3,5,14,8,8,32,4.0,4.0,1.0,50
medium-016,medium,0,source,96,14,4,9,14,24,24,96,4.0,4.0,1.0,302
medium-016,medium,1,propagate,96,14,4,7,14,24,24,96,4.0,4.0,1.0,302
medium-016,medium,2,helper,96,14,4,6,14,24,24,96,4.0,4.0,1.0,318
medium-016,medium,3,nested-call,96,14,4,9,14,24,24,96,4.0,4.0,1.0,338
medium-016,medium,4,nested-return,96,14,4,9,14,18,24,96,5.333333,4.0,1.0,294
medium-016,medium,5,sanitize,44,14,3,5,14,11,11,44,4.0,4.0,1.0,96
medium-016,medium,6,branch,44,14,3,6,14,11,11,44,4.0,4.0,1.0,102
medium-016,medium,7,return,40,14,3,6,14,10,10,40,4.0,4.0,1.0,76
medium-016,medium,8,sink,28,14,2,5,14,7,7,28,4.0,4.0,1.0,40
medium-017,medium,0,source,96,14,4,8,14,24,24,96,4.0,4.0,1.0,288
medium-017,medium,1,propagate,96,14,4,7,14,24,24,96,4.0,4.0,1.0,288
medium-017,medium,2,helper,96,14,4,6,14,24,24,96,4.0,4.0,1.0,308
medium-017,medium,3,nested-call,96,14,4,9,14,24,24,96,4.0,4.0,1.0,370
medium-017,medium,4,nested-return,96,14,4,8,14,21,24,96,4.571429,4.0,1.0,352
medium-017,medium,5,sanitize,52,14,3,4,14,13,13,52,4.0,4.0,1.0,122
medium-017,medium,6,branch,52,14,3,6,14,13,13,52,4.0,4.0,1.0,128
medium-017,medium,7,return,40,14,3,6,14,9,10,40,4.444444,4.0,1.0,74
medium-017,medium,8,sink,28,14,2,5,14,7,7,28,4.0,4.0,1.0,38
medium-018,medium,0,source,96,14,4,8,14,24,24,96,4.0,4.0,1.0,308
medium-018,medium,1,propagate,96,14,4,7,14,24,24,96,4.0,4.0,1.0,308
medium-018,medium,2,helper,96,14,4,7,14,23,23,96,4.173913,4.173913,1.0,304
medium-018,medium,3,nested-call,96,14,4,8,14,23,23,96,4.173913,4.173913,1.0,332
medium-018,medium,4,nested-return,96,14,4,8,14,23,23,96,4.173913,4.173913,1.0,326
medium-018,medium,5,sanitize,52,14,3,5,14,13,13,52,4.0,4.0,1.0,120
medium-018,medium,6,branch,52,14,3,7,14,13,13,52,4.0,4.0,1.0,126
medium-018,medium,7,return,52,14,3,6,14,11,13,52,4.727273,4.0,1.0,104
medium-018,medium,8,sink,24,14,2,5,14,6,6,24,4.0,4.0,1.0,26
medium-019,medium,0,source,96,14,4,7,14,24,24,96,4.0,4.0,1.0,300
medium-019,medium,1,propagate,96,14,4,8,14,24,24,96,4.0,4.0,1.0,300
medium-019,medium,2,helper,96,14,4,7,14,24,24,96,4.0,4.0,1.0,320
medium-019,medium,3,nested-call,96,14,4,8,14,24,24,96,4.0,4.0,1.0,364
medium-019,medium,4,nested-return,96,14,4,8,14,22,24,96,4.363636,4.0,1.0,362
medium-019,medium,5,sanitize,52,14,3,5,14,13,13,52,4.0,4.0,1.0,126
medium-019,medium,6,branch,52,14,3,6,14,13,13,52,4.0,4.0,1.0,146
medium-019,medium,7,return,52,14,3,6,14,13,12,52,4.0,4.333333,1.0,114
medium-019,medium,8,sink,28,14,2,5,14,7,7,28,4.0,4.0,1.0,38
medium-020,medium,0,source,96,14,3,8,14,24,24,96,4.0,4.0,1.0,292
medium-020,medium,1,propagate,96,14,3,7,14,24,24,96,4.0,4.0,1.0,292
medium-020,medium,2,helper,96,14,4,6,14,24,24,96,4.0,4.0,1.0,296
medium-020,medium,3,nested-call,96,14,4,9,14,24,24,96,4.0,4.0,1.0,336
medium-020,medium,4,nested-return,96,14,4,9,14,19,24,96,5.052632,4.0,1.0,280
medium-020,medium,5,sanitize,40,14,3,4,14,9,9,40,4.444444,4.444444,1.0,72
medium-020,medium,6,branch,40,14,2,4,14,8,8,40,5.0,5.0,1.0,68
medium-020,medium,7,return,28,14,2,5,14,4,7,28,7.0,4.0,1.0,22
medium-020,medium,8,sink,8,14,1,5,14,2,2,8,4.0,4.0,1.0,2
medium-021,medium,0,source,96,14,4,8,14,24,24,96,4.0,4.0,1.0,292
medium-021,medium,1,propagate,96,14,4,7,14,24,24,96,4.0,4.0,1.0,292
medium-021,medium,2,helper,96,14,4,6,14,24,24,96,4.0,4.0,1.0,316
medium-021,medium,3,nested-call,96,14,4,8,14,24,24,96,4.0,4.0,1.0,356
medium-021,medium,4,nested-return,96,14,4,9,14,23,24,96,4.173913,4.0,1.0,340
medium-021,medium,5,sanitize,52,14,3,4,14,13,13,52,4.0,4.0,1.0,116
medium-021,medium,6,branch,52,14,3,6,14,13,13,52,4.0,4.0,1.0,122
medium-021,medium,7,return,48,14,3,6,14,12,12,48,4.0,4.0,1.0,104
medium-021,medium,8,sink,28,14,2,5,14,7,7,28,4.0,4.0,1.0,42
medium-022,medium,0,source,96,14,5,9,14,24,24,96,4.0,4.0,1.0,308
medium-022,medium,1,propagate,96,14,5,8,14,24,24,96,4.0,4.0,1.0,308
medium-022,medium,2,helper,96,14,5,5,14,24,24,96,4.0,4.0,1.0,320
medium-022,medium,3,nested-call,96,14,4,8,14,24,24,96,4.0,4.0,1.0,340
medium-022,medium,4,nested-return,96,14,4,8,14,21,24,96,4.571429,4.0,1.0,316
medium-022,medium,5,sanitize,48,14,3,5,14,12,12,48,4.0,4.0,1.0,104
medium-022,medium,6,branch,48,14,3,6,14,12,12,48,4.0,4.0,1.0,112
medium-022,medium,7,return,44,14,3,5,14,11,11,44,4.0,4.0,1.0,84
medium-022,medium,8,sink,28,14,2,5,14,7,7,28,4.0,4.0,1.0,38
medium-023,medium,0,source,96,14,4,8,14,24,24,96,4.0,4.0,1.0,292
medium-023,medium,1,propagate,96,14,4,8,14,24,24,96,4.0,4.0,1.0,292
medium-023,medium,2,helper,96,14,4,6,14,24,24,96,4.0,4.0,1.0,308
medium-023,medium,3,nested-call,96,14,4,7,14,24,24,96,4.0,4.0,1.0,348
medium-023,medium,4,nested-return,96,14,4,8,14,23,24,96,4.173913,4.0,1.0,332
medium-023,medium,5,sanitize,52,14,3,4,14,13,13,52,4.0,4.0,1.0,116
medium-023,medium,6,branch,52,14,3,7,14,13,13,52,4.0,4.0,1.0,118
medium-023,medium,7,return,48,14,3,6,14,12,11,48,4.0,4.363636,1.0,100
medium-023,medium,8,sink,36,14,2,5,14,8,8,36,4.5,4.5,1.0,52
medium-024,medium,0,source,96,14,4,8,14,24,24,96,4.0,4.0,1.0,284
medium-024,medium,1,propagate,96,14,4,8,14,24,24,96,4.0,4.0,1.0,284
medium-024,medium,2,helper,96,14,4,5,14,24,24,96,4.0,4.0,1.0,308
medium-024,medium,3,nested-call,96,14,3,7,14,23,24,96,4.173913,4.0,1.0,344
medium-024,medium,4,nested-return,96,14,3,7,14,23,21,96,4.173913,4.571429,1.0,304
medium-024,medium,5,sanitize,44,14,3,5,14,11,11,44,4.0,4.0,1.0,88
medium-024,medium,6,branch,44,14,3,6,14,11,11,44,4.0,4.0,1.0,98
medium-024,medium,7,return,40,14,3,6,14,8,9,40,5.0,4.444444,1.0,66
medium-024,medium,8,sink,20,14,2,5,14,5,5,20,4.0,4.0,1.0,18
medium-025,medium,0,source,96,14,4,9,14,24,24,96,4.0,4.0,1.0,302
medium-025,medium,1,propagate,96,14,4,7,14,24,24,96,4.0,4.0,1.0,302
medium-025,medium,2,helper,96,14,4,4,14,24,24,96,4.0,4.0,1.0,296
medium-025,medium,3,nested-call,96,14,3,6,14,23,24,96,4.173913,4.0,1.0,334
medium-025,medium,4,nested-return,96,14,3,9,14,23,24,96,4.173913,4.0,1.0,350
medium-025,medium,5,sanitize,64,14,3,4,14,15,15,64,4.266667,4.266667,1.0,142
medium-025,medium,6,branch,64,14,3,4,14,15,16,64,4.266667,4.0,1.0,160
medium-025,medium,7,return,56,14,3,6,14,13,14,56,4.307692,4.0,1.0,136
medium-025,medium,8,sink,32,14,2,5,14,8,8,32,4.0,4.0,1.0,48
medium-026,medium,0,source,96,14,4,9,14,24,24,96,4.0,4.0,1.0,316
medium-026,medium,1,propagate,96,14,4,7,14,24,24,96,4.0,4.0,1.0,316
medium-026,medium,2,helper,96,14,4,8,14,24,24,96,4.0,4.0,1.0,326
medium-026,medium,3,nested-call,96,14,5,8,14,24,24,96,4.0,4.0,1.0,358
medium-026,medium,4,nested-return,96,14,4,8,14,22,23,96,4.363636,4.173913,1.0,320
medium-026,medium,5,sanitize,48,14,3,4,14,12,12,48,4.0,4.0,1.0,114
medium-026,medium,6,branch,48,14,3,5,14,12,12,48,4.0,4.0,1.0,118
medium-026,medium,7,return,44,14,2,6,14,10,10,44,4.4,4.4,1.0,86
medium-026,medium,8,sink,24,14,2,5,14,6,6,24,4.0,4.0,1.0,30
medium-027,medium,0,source,96,14,4,9,14,24,24,96,4.0,4.0,1.0,310
medium-027,medium,1,propagate,96,14,4,7,14,24,24,96,4.0,4.0,1.0,310
medium-027,medium,2,helper,96,14,4,6,14,24,24,96,4.0,4.0,1.0,318
medium-027,medium,3,nested-call,96,14,4,8,14,24,24,96,4.0,4.0,1.0,338
medium-027,medium,4,nested-return,96,14,4,7,14,24,24,96,4.0,4.0,1.0,354
medium-027,medium,5,sanitize,64,14,3,5,14,16,16,64,4.0,4.0,1.0,156
medium-027,medium,6,branch,64,14,3,5,14,16,16,64,4.0,4.0,1.0,172
medium-027,medium,7,return,56,14,2,6,14,11,14,56,5.090909,4.0,1.0,120
medium-027,medium,8,sink,28,14,2,5,14,7,7,28,4.0,4.0,1.0,42
medium-028,medium,0,source,96,14,5,9,14,24,24,96,4.0,4.0,1.0,288
medium-028,medium,1,propagate,96,14,4,8,14,24,24,96,4.0,4.0,1.0,288
medium-028,medium,2,helper,96,14,5,8,14,24,24,96,4.0,4.0,1.0,294
medium-028,medium,3,nested-call,96,14,5,8,14,24,24,96,4.0,4.0,1.0,318
medium-028,medium,4,nested-return,96,14,4,8,14,22,24,96,4.363636,4.0,1.0,290
medium-028,medium,5,sanitize,44,14,3,4,14,11,11,44,4.0,4.0,1.0,82
medium-028,medium,6,branch,44,14,2,5,14,10,10,44,4.4,4.4,1.0,78
medium-028,medium,7,return,32,14,2,6,14,6,8,32,5.333333,4.0,1.0,48
medium-028,medium,8,sink,20,14,2,5,14,5,5,20,4.0,4.0,1.0,18
medium-029,medium,0,source,96,14,4,7,14,24,24,96,4.0,4.0,1.0,296
medium-029,medium,1,propagate,96,14,4,7,14,24,24,96,4.0,4.0,1.0,296
medium-029,medium,2,helper,96,14,4,6,14,24,24,96,4.0,4.0,1.0,306
medium-029,medium,3,nested-call,96,14,3,7,14,24,24,96,4.0,4.0,1.0,340
medium-029,medium,4,nested-return,96,14,3,8,14,24,24,96,4.0,4.0,1.0,348
medium-029,medium,5,sanitize,60,14,3,5,14,15,15,60,4.0,4.0,1.0,144
medium-029,medium,6,branch,60,14,3,5,14,15,15,60,4.0,4.0,1.0,152
medium-029,medium,7,return,60,14,3,7,14,15,15,60,4.0,4.0,1.0,154
medium-029,medium,8,sink,44,14,3,5,14,11,11,44,4.0,4.0,1.0,80
medium-030,medium,0,source,96,14,4,9,14,24,24,96,4.0,4.0,1.0,308
medium-030,medium,1,propagate,96,14,4,8,14,24,24,96,4.0,4.0,1.0,308
medium-030,medium,2,helper,96,14,4,6,14,24,24,96,4.0,4.0,1.0,314
medium-030,medium,3,nested-call,96,14,3,7,14,24,24,96,4.0,4.0,1.0,344
medium-030,medium,4,nested-return,96,14,3,8,14,24,24,96,4.0,4.0,1.0,286
medium-030,medium,5,sanitize,40,14,3,5,14,10,10,40,4.0,4.0,1.0,84
medium-030,medium,6,branch,40,14,3,5,14,10,10,40,4.0,4.0,1.0,84
medium-030,medium,7,return,40,14,2,6,14,8,10,40,5.0,4.0,1.0,66
medium-030,medium,8,sink,20,14,2,5,14,5,5,20,4.0,4.0,1.0,18
medium-031,medium,0,source,96,14,4,7,14,24,24,96,4.0,4.0,1.0,292
medium-031,medium,1,propagate,96,14,4,7,14,24,24,96,4.0,4.0,1.0,292
medium-031,medium,2,helper,96,14,4,6,14,24,24,96,4.0,4.0,1.0,294
medium-031,medium,3,nested-call,96,14,4,7,14,24,23,96,4.0,4.173913,1.0,316
medium-031,medium,4,nested-return,96,14,3,8,14,20,24,96,4.8,4.0,1.0,302
medium-031,medium,5,sanitize,52,14,2,4,14,12,12,52,4.333333,4.333333,1.0,100
medium-031,medium,6,branch,52,14,2,4,14,12,12,52,4.333333,4.333333,1.0,100
medium-031,medium,7,return,52,14,2,6,14,12,12,52,4.333333,4.333333,1.0,110
medium-031,medium,8,sink,40,14,2,5,14,9,9,40,4.444444,4.444444,1.0,54
medium-032,medium,0,source,96,14,4,9,14,24,24,96,4.0,4.0,1.0,310
medium-032,medium,1,propagate,96,14,4,7,14,24,24,96,4.0,4.0,1.0,310
medium-032,medium,2,helper,96,14,4,7,14,24,24,96,4.0,4.0,1.0,320
medium-032,medium,3,nested-call,96,14,4,8,14,24,24,96,4.0,4.0,1.0,358
medium-032,medium,4,nested-return,96,14,4,8,14,21,24,96,4.571429,4.0,1.0,336
medium-032,medium,5,sanitize,52,14,3,5,14,13,13,52,4.0,4.0,1.0,120
medium-032,medium,6,branch,52,14,3,5,14,13,13,52,4.0,4.0,1.0,118
medium-032,medium,7,return,36,14,2,5,14,8,8,36,4.5,4.5,1.0,42
medium-032,medium,8,sink,12,14,1,5,14,3,3,12,4.0,4.0,1.0,6
medium-033,medium,0,source,96,14,4,8,14,24,24,96,4.0,4.0,1.0,288
medium-033,medium,1,propagate,96,14,4,7,14,24,24,96,4.0,4.0,1.0,288
medium-033,medium,2,helper,96,14,4,6,14,24,24,96,4.0,4.0,1.0,300
medium-033,medium,3,nested-call,96,14,4,6,14,24,24,96,4.0,4.0,1.0,334
medium-033,medium,4,nested-return,96,14,3,7,14,24,24,96,4.0,4.0,1.0,280
medium-033,medium,5,sanitize,40,14,2,4,14,9,10,40,4.444444,4.0,1.0,76
medium-033,medium,6,branch,40,14,2,6,14,9,10,40,4.444444,4.0,1.0,78
medium-033,medium,7,return,32,14,2,5,14,6,8,32,5.333333,4.0,1.0,34
medium-033,medium,8,sink,12,14,1,5,14,3,3,12,4.0,4.0,1.0,6
medium-034,medium,0,source,96,14,4,9,14,24,24,96,4.0,4.0,1.0,290
medium-034,medium,1,propagate,96,14,4,7,14,24,24,96,4.0,4.0,1.0,290
medium-034,medium,2,helper,96,14,4,6,14,24,24,96,4.0,4.0,1.0,306
medium-034,medium,3,nested-call,96,14,4,7,14,24,24,96,4.0,4.0,1.0,350
medium-034,medium,4,nested-return,96,14,3,9,14,22,24,96,4.363636,4.0,1.0,300
medium-034,medium,5,sanitize,40,14,3,5,14,10,10,40,4.0,4.0,1.0,82
medium-034,medium,6,branch,40,14,3,5,14,10,10,40,4.0,4.0,1.0,82
medium-034,medium,7,return,36,14,2,6,14,8,9,36,4.5,4.0,1.0,64
medium-034,medium,8,sink,24,14,2,5,14,6,6,24,4.0,4.0,1.0,30
medium-035,medium,0,source,96,14,4,7,14,24,24,96,4.0,4.0,1.0,290
medium-035,medium,1,propagate,96,14,4,7,14,24,24,96,4.0,4.0,1.0,290
medium-035,medium,2,helper,96,14,4,6,14,24,24,96,4.0,4.0,1.0,290
medium-035,medium,3,nested-call,96,14,4,7,14,24,24,96,4.0,4.0,1.0,332
medium-035,medium,4,nested-return,96,14,4,9,14,24,24,96,4.0,4.0,1.0,282
medium-035,medium,5,sanitize,40,14,3,4,14,10,10,40,4.0,4.0,1.0,76
medium-035,medium,6,branch,40,14,3,4,14,10,10,40,4.0,4.0,1.0,72
medium-035,medium,7,return,28,14,2,5,14,7,6,28,4.0,4.666667,1.0,36
medium-035,medium,8,sink,16,14,2,5,14,4,4,16,4.0,4.0,1.0,12
medium-036,medium,0,source,96,14,4,8,14,24,24,96,4.0,4.0,1.0,318
medium-036,medium,1,propagate,96,14,4,7,14,24,24,96,4.0,4.0,1.0,318
medium-036,medium,2,helper,96,14,4,6,14,24,24,96,4.0,4.0,1.0,318
medium-036,medium,3,nested-call,96,14,4,9,14,24,24,96,4.0,4.0,1.0,344
medium-036,medium,4,nested-return,96,14,4,9,14,21,24,96,4.571429,4.0,1.0,284
medium-036,medium,5,sanitize,40,14,3,4,14,10,10,40,4.0,4.0,1.0,78
medium-036,medium,6,branch,40,14,2,5,14,9,10,40,4.444444,4.0,1.0,76
medium-036,medium,7,return,28,14,2,6,14,7,7,28,4.0,4.0,1.0,36
medium-036,medium,8,sink,28,14,2,5,14,7,7,28,4.0,4.0,1.0,36
medium-037,medium,0,source,96,14,5,8,14,24,24,96,4.0,4.0,1.0,310
medium-037,medium,1,propagate,96,14,5,8,14,24,24,96,4.0,4.0,1.0,310
medium-037,medium,2,helper,96,14,5,6,14,24,24,96,4.0,4.0,1.0,308
medium-037,medium,3,nested-call,96,14,4,8,14,24,24,96,4.0,4.0,1.0,354
medium-037,medium,4,nested-return,96,14,4,9,14,22,24,96,4.363636,4.0,1.0,302
medium-037,medium,5,sanitize,40,14,3,4,14,10,10,40,4.0,4.0,1.0,84
medium-037,medium,6,branch,40,14,2,6,14,9,10,40,4.444444,4.0,1.0,82
medium-037,medium,7,return,32,14,2,4,14,6,8,32,5.333333,4.0,1.0,42
medium-037,medium,8,sink,16,14,1,5,14,4,4,16,4.0,4.0,1.0,10
medium-038,medium,0,source,96,14,3,8,14,24,24,96,4.0,4.0,1.0,286
medium-038,medium,1,propagate,96,14,3,7,14,24,24,96,4.0,4.0,1.0,286
medium-038,medium,2,helper,96,14,3,5,14,24,24,96,4.0,4.0,1.0,310
medium-038,medium,3,nested-call,96,14,3,6,14,24,24,96,4.0,4.0,1.0,344
medium-038,medium,4,nested-return,96,14,3,8,14,24,24,96,4.0,4.0,1.0,336
medium-038,medium,5,sanitize,52,14,3,5,14,13,13,52,4.0,4.0,1.0,116
medium-038,medium,6,branch,52,14,3,6,14,13,13,52,4.0,4.0,1.0,126
medium-038,medium,7,return,48,14,3,6,14,12,12,48,4.0,4.0,1.0,78
medium-038,medium,8,sink,20,14,2,5,14,5,5,20,4.0,4.0,1.0,20
medium-039,medium,0,source,96,14,4,8,14,24,24,96,4.0,4.0,1.0,314
medium-039,medium,1,propagate,96,14,4,7,14,24,24,96,4.0,4.0,1.0,314
medium-039,medium,2,helper,96,14,4,6,14,24,24,96,4.0,4.0,1.0,324
medium-039,medium,3,nested-call,96,14,4,6,14,24,24,96,4.0,4.0,1.0,340
medium-039,medium,4,nested-return,96,14,3,9,14,22,24,96,4.363636,4.0,1.0,274
medium-039,medium,5,sanitize,36,14,3,4,14,9,9,36,4.0,4.0,1.0,62
medium-039,medium,6,branch,36,14,2,4,14,8,8,36,4.5,4.5,1.0,68
medium-039,medium,7,return,36,14,2,6,14,8,9,36,4.5,4.0,1.0,62
medium-039,medium,8,sink,28,14,2,5,14,7,7,28,4.0,4.0,1.0,36
large-000,large,0,source,160,17,4,9,17,40,40,160,4.0,4.0,1.0,892
large-000,large,1,propagate,160,17,4,7,17,40,40,160,4.0,4.0,1.0,892
large-000,large,2,helper,160,17,4,6,17,40,40,160,4.0,4.0,1.0,938
large-000,large,3,nested-call,160,17,4,8,17,40,40,160,4.0,4.0,1.0,1020
large-000,large,4,nested-return,160,17,4,8,17,40,40,160,4.0,4.0,1.0,952
large-000,large,5,alias-gate,88,17,3,5,17,22,22,88,4.0,4.0,1.0,332
large-000,large,6,context-fold,88,17,3,5,17,22,22,88,4.0,4.0,1.0,344
large-000,large,7,sanitize,88,17,3,5,17,22,22,88,4.0,4.0,1.0,354
large-000,large,8,branch,88,17,3,5,17,20,20,88,4.4,4.4,1.0,366
large-000,large,9,return,76,17,2,6,17,13,15,76,5.846154,5.066667,1.0,174
large-000,large,10,sink,24,17,2,5,17,5,5,24,4.8,4.8,1.0,28
large-001,large,0,source,160,17,4,9,17,40,40,160,4.0,4.0,1.0,912
large-001,large,1,propagate,160,17,4,7,17,40,40,160,4.0,4.0,1.0,912
large-001,large,2,helper,160,17,4,6,17,40,40,160,4.0,4.0,1.0,976
large-001,large,3,nested-call,160,17,4,9,17,40,40,160,4.0,4.0,1.0,1048
large-001,large,4,nested-return,160,17,4,7,17,39,39,160,4.102564,4.102564,1.0,1028
large-001,large,5,alias-gate,96,17,3,6,17,24,24,96,4.0,4.0,1.0,368
large-001,large,6,context-fold,72,17,3,5,17,18,18,72,4.0,4.0,1.0,242
large-001,large,7,sanitize,72,17,3,5,17,18,18,72,4.0,4.0,1.0,244
large-001,large,8,branch,72,17,3,7,17,18,18,72,4.0,4.0,1.0,268
large-001,large,9,return,68,17,3,6,17,16,16,68,4.25,4.25,1.0,174
large-001,large,10,sink,28,17,2,5,17,7,7,28,4.0,4.0,1.0,40
large-002,large,0,source,160,17,5,8,17,40,40,160,4.0,4.0,1.0,902
large-002,large,1,propagate,160,17,5,8,17,40,40,160,4.0,4.0,1.0,902
large-002,large,2,helper,160,17,5,7,17,40,40,160,4.0,4.0,1.0,922
large-002,large,3,nested-call,160,17,5,7,17,40,40,160,4.0,4.0,1.0,1002
large-002,large,4,nested-return,160,17,3,8,17,28,40,160,5.714286,4.0,1.0,790
large-002,large,5,alias-gate,64,17,3,5,17,16,16,64,4.0,4.0,1.0,206
large-002,large,6,context-fold,60,17,3,5,17,15,15,60,4.0,4.0,1.0,190
large-002,large,7,sanitize,60,17,3,5,17,15,15,60,4.0,4.0,1.0,190
large-002,large,8,branch,60,17,3,6,17,14,14,60,4.285714,4.285714,1.0,192
large-002,large,9,return,48,17,3,5,17,11,10,48,4.363636,4.8,1.0,106
large-002,large,10,sink,28,17,2,5,17,6,6,28,4.666667,4.666667,1.0,38
large-003,large,0,source,160,17,5,9,17,40,40,160,4.0,4.0,1.0,898
large-003,large,1,propagate,160,17,5,7,17,40,40,160,4.0,4.0,1.0,898
large-003,large,2,helper,160,17,5,8,17,40,40,160,4.0,4.0,1.0,910
large-003,large,3,nested-call,160,17,5,9,17,40,40,160,4.0,4.0,1.0,986
large-003,large,4,nested-return,160,17,4,9,17,31,40,160,5.16129,4.0,1.0,788
large-003,large,5,alias-gate,64,17,3,5,17,16,16,64,4.0,4.0,1.0,206
large-003,large,6,context-fold,56,17,3,5,17,14,14,56,4.0,4.0,1.0,160
large-003,large,7,sanitize,56,17,3,5,17,14,14,56,4.0,4.0,1.0,162
large-003,large,8,branch,56,17,3,5,17,14,14,56,4.0,4.0,1.0,170
large-003,large,9,return,48,17,2,5,17,10,12,48,4.8,4.0,1.0,98
large-003,large,10,sink,24,17,2,5,17,6,6,24,4.0,4.0,1.0,28
large-004,large,0,source,160,17,5,9,17,40,40,160,4.0,4.0,1.0,940
large-004,large,1,propagate,160,17,5,7,17,40,40,160,4.0,4.0,1.0,940
large-004,large,2,helper,160,17,5,7,17,40,40,160,4.0,4.0,1.0,974
large-004,large,3,nested-call,160,17,5,8,17,40,40,160,4.0,4.0,1.0,1046
large-004,large,4,nested-return,160,17,4,8,17,38,40,160,4.210526,4.0,1.0,898
large-004,large,5,alias-gate,76,17,3,6,17,19,19,76,4.0,4.0,1.0,276
large-004,large,6,context-fold,68,17,3,4,17,17,17,68,4.0,4.0,1.0,220
large-004,large,7,sanitize,68,17,3,5,17,17,17,68,4.0,4.0,1.0,218
large-004,large,8,branch,68,17,3,5,17,17,17,68,4.0,4.0,1.0,236
large-004,large,9,return,64,17,3,5,17,15,15,64,4.266667,4.266667,1.0,182
large-004,large,10,sink,36,17,2,5,17,9,9,36,4.0,4.0,1.0,64
large-005,large,0,source,160,17,5,8,17,40,40,160,4.0,4.0,1.0,936
large-005,large,1,propagate,160,17,5,8,17,40,40,160,4.0,4.0,1.0,936
large-005,large,2,helper,160,17,5,5,17,40,40,160,4.0,4.0,1.0,948
large-005,large,3,nested-call,160,17,4,8,17,40,40,160,4.0,4.0,1.0,1042
large-005,large,4,nested-return,160,17,4,9,17,40,39,160,4.0,4.102564,1.0,1070
large-005,large,5,alias-gate,108,17,4,6,17,27,27,108,4.0,4.0,1.0,482
large-005,large,6,context-fold,104,17,4,5,17,26,26,104,4.0,4.0,1.0,450
large-005,large,7,sanitize,104,17,4,6,17,26,26,104,4.0,4.0,1.0,464
large-005,large,8,branch,104,17,4,6,17,26,24,104,4.0,4.333333,1.0,494
large-005,large,9,return,80,17,3,7,17,18,20,80,4.444444,4.0,1.0,300
large-005,large,10,sink,52,17,3,5,17,13,12,52,4.0,4.333333,1.0,140
large-006,large,0,source,160,17,5,9,17,40,40,160,4.0,4.0,1.0,926
large-006,large,1,propagate,160,17,5,8,17,40,40,160,4.0,4.0,1.0,926
large-006,large,2,helper,160,17,5,5,17,40,39,160,4.0,4.102564,1.0,960
large-006,large,3,nested-call,160,17,4,7,17,38,39,160,4.210526,4.102564,1.0,1048
large-006,large,4,nested-return,160,17,4,7,17,38,40,160,4.210526,4.0,1.0,882
large-006,large,5,alias-gate,76,17,3,6,17,19,19,76,4.0,4.0,1.0,278
large-006,large,6,context-fold,72,17,3,6,17,18,18,72,4.0,4.0,1.0,240
large-006,large,7,sanitize,72,17,4,5,17,18,18,72,4.0,4.0,1.0,250
large-006,large,8,branch,72,17,4,6,17,18,18,72,4.0,4.0,1.0,258
large-006,large,9,return,68,17,2,4,17,9,9,68,7.555556,7.555556,1.0,102
large-006,large,10,sink,16,17,1,5,17,4,4,16,4.0,4.0,1.0,10
large-007,large,0,source,160,17,4,8,17,40,40,160,4.0,4.0,1.0,908
large-007,large,1,propagate,160,17,4,7,17,40,40,160,4.0,4.0,1.0,908
large-007,large,2,helper,160,17,4,6,17,40,40,160,4.0,4.0,1.0,938
large-007,large,3,nested-call,160,17,4,9,17,40,40,160,4.0,4.0,1.0,1052
large-007,large,4,nested-return,160,17,4,8,17,35,40,160,4.571429,4.0,1.0,1006
large-007,large,5,alias-gate,92,17,3,5,17,23,23,92,4.0,4.0,1.0,372
large-007,large,6,context-fold,84,17,3,6,17,21,21,84,4.0,4.0,1.0,326
large-007,large,7,sanitize,84,17,3,5,17,21,21,84,4.0,4.0,1.0,330
large-007,large,8,branch,84,17,3,6,17,21,21,84,4.0,4.0,1.0,348
large-007,large,9,return,76,17,3,5,17,17,16,76,4.470588,4.75,1.0,220
large-007,large,10,sink,36,17,2,5,17,9,9,36,4.0,4.0,1.0,56
large-008,large,0,source,160,17,5,10,17,40,40,160,4.0,4.0,1.0,920
large-008,large,1,propagate,160,17,5,9,17,40,40,160,4.0,4.0,1.0,920
large-008,large,2,helper,160,17,5,5,17,40,40,160,4.0,4.0,1.0,922
large-008,large,3,nested-call,160,17,4,8,17,39,40,160,4.102564,4.0,1.0,1010
large-008,large,4,nested-return,160,17,4,9,17,38,40,160,4.210526,4.0,1.0,964
large-008,large,5,alias-gate,88,17,4,5,17,22,22,88,4.0,4.0,1.0,352
large-008,large,6,context-fold,72,17,3,6,17,18,18,72,4.0,4.0,1.0,258
large-008,large,7,sanitize,72,17,3,4,17,17,18,72,4.235294,4.0,1.0,260
large-008,large,8,branch,72,17,3,5,17,17,17,72,4.235294,4.235294,1.0,258
large-008,large,9,return,56,17,2,5,17,12,14,56,4.666667,4.0,1.0,70
large-008,large,10,sink,12,17,1,5,17,3,3,12,4.0,4.0,1.0,6
large-009,large,0,source,160,17,5,8,17,40,40,160,4.0,4.0,1.0,916
large-009,large,1,propagate,160,17,5,9,17,40,40,160,4.0,4.0,1.0,916
large-009,large,2,helper,160,17,5,6,17,40,40,160,4.0,4.0,1.0,952
large-009,large,3,nested-call,160,17,4,8,17,40,40,160,4.0,4.0,1.0,1050
large-009,large,4,nested-return,160,17,4,8,17,40,39,160,4.0,4.102564,1.0,1018
large-009,large,5,alias-gate,96,17,4,7,17,24,23,96,4.0,4.173913,1.0,410
large-009,large,6,context-fold,88,17,4,6,17,22,22,88,4.0,4.0,1.0,366
large-009,large,7,sanitize,88,17,4,5,17,22,22,88,4.0,4.0,1.0,374
large-009,large,8,branch,88,17,4,7,17,22,22,88,4.0,4.0,1.0,390
large-009,large,9,return,72,17,3,7,17,15,18,72,4.8,4.0,1.0,210
large-009,large,10,sink,36,17,3,5,17,9,9,36,4.0,4.0,1.0,68
large-010,large,0,source,160,17,5,10,17,40,40,160,4.0,4.0,1.0,928
large-010,large,1,propagate,160,17,5,8,17,40,40,160,4.0,4.0,1.0,928
large-010,large,2,helper,160,17,5,6,17,40,40,160,4.0,4.0,1.0,946
large-010,large,3,nested-call,160,17,5,8,17,40,40,160,4.0,4.0,1.0,998
large-010,large,4,nested-return,160,17,4,10,17,39,40,160,4.102564,4.0,1.0,846
large-010,large,5,alias-gate,76,17,4,5,17,18,19,76,4.222222,4.0,1.0,258
large-010,large,6,context-fold,64,17,3,5,17,16,16,64,4.0,4.0,1.0,206
large-010,large,7,sanitize,64,17,3,5,17,16,16,64,4.0,4.0,1.0,206
large-010,large,8,branch,64,17,3,7,17,16,16,64,4.0,4.0,1.0,210
large-010,large,9,return,60,17,3,5,17,14,15,60,4.285714,4.0,1.0,148
large-010,large,10,sink,28,17,2,5,17,7,7,28,4.0,4.0,1.0,42
large-011,large,0,source,160,17,5,9,17,40,40,160,4.0,4.0,1.0,906
large-011,large,1,propagate,160,17,5,7,17,40,40,160,4.0,4.0,1.0,906
large-011,large,2,helper,160,17,4,6,17,40,40,160,4.0,4.0,1.0,952
large-011,large,3,nested-call,160,17,4,9,17,40,40,160,4.0,4.0,1.0,1022
large-011,large,4,nested-return,160,17,4,8,17,39,39,160,4.102564,4.102564,1.0,1024
large-011,large,5,alias-gate,96,17,4,6,17,24,24,96,4.0,4.0,1.0,402
large-011,large,6,context-fold,92,17,4,7,17,23,23,92,4.0,4.0,1.0,392
large-011,large,7,sanitize,92,17,4,6,17,23,23,92,4.0,4.0,1.0,402
large-011,large,8,branch,92,17,4,6,17,23,21,92,4.0,4.380952,1.0,406
large-011,large,9,return,72,17,3,5,17,15,15,72,4.8,4.8,1.0,224
large-011,large,10,sink,40,17,2,5,17,8,8,40,5.0,5.0,1.0,72
large-012,large,0,source,160,17,4,9,17,40,40,160,4.0,4.0,1.0,926
large-012,large,1,propagate,160,17,4,7,17,40,40,160,4.0,4.0,1.0,926
large-012,large,2,helper,160,17,4,7,17,40,40,160,4.0,4.0,1.0,970
large-012,large,3,nested-call,160,17,5,9,17,40,40,160,4.0,4.0,1.0,1050
large-012,large,4,nested-return,160,17,4,10,17,37,40,160,4.324324,4.0,1.0,1014
large-012,large,5,alias-gate,92,17,4,5,17,23,23,92,4.0,4.0,1.0,372
large-012,large,6,context-fold,72,17,3,6,17,18,18,72,4.0,4.0,1.0,260
large-012,large,7,sanitize,72,17,3,5,17,18,18,72,4.0,4.0,1.0,260
large-012,large,8,branch,72,17,3,5,17,18,18,72,4.0,4.0,1.0,268
large-012,large,9,return,56,17,3,6,17,14,13,56,4.0,4.307692,1.0,122
large-012,large,10,sink,24,17,2,5,17,6,6,24,4.0,4.0,1.0,28
large-013,large,0,source,160,17,4,8,17,40,40,160,4.0,4.0,1.0,878
large-013,large,1,propagate,160,17,4,7,17,40,40,160,4.0,4.0,1.0,878
large-013,large,2,helper,160,17,4,5,17,40,40,160,4.0,4.0,1.0,934
large-013,large,3,nested-call,160,17,4,8,17,40,39,160,4.0,4.102564,1.0,996
large-013,large,4,nested-return,160,17,4,8,17,35,40,160,4.571429,4.0,1.0,912
large-013,large,5,alias-gate,84,17,3,6,17,21,21,84,4.0,4.0,1.0,328
large-013,large,6,context-fold,80,17,3,5,17,20,20,80,4.0,4.0,1.0,308
large-013,large,7,sanitize,80,17,3,5,17,19,20,80,4.210526,4.0,1.0,318
large-013,large,8,branch,80,17,3,5,17,19,19,80,4.210526,4.210526,1.0,342
large-013,large,9,return,80,17,3,5,17,19,19,80,4.210526,4.210526,1.0,280
large-013,large,10,sink,44,17,2,5,17,11,11,44,4.0,4.0,1.0,100
large-014,large,0,source,160,17,4,9,17,40,40,160,4.0,4.0,1.0,918
large-014,large,1,propagate,160,17,4,8,17,40,40,160,4.0,4.0,1.0,918
large-014,large,2,helper,160,17,4,7,17,39,39,160,4.102564,4.102564,1.0,952
large-014,large,3,nested-call,160,17,4,7,17,39,39,160,4.102564,4.102564,1.0,1050
large-014,large,4,nested-return,160,17,4,9,17,39,40,160,4.102564,4.0,1.0,960
large-014,large,5,alias-gate,84,17,3,4,17,21,21,84,4.0,4.0,1.0,316
large-014,large,6,context-fold,68,17,3,5,17,17,17,68,4.0,4.0,1.0,232
large-014,large,7,sanitize,68,17,3,5,17,17,17,68,4.0,4.0,1.0,232
large-014,large,8,branch,68,17,3,7,17,17,17,68,4.0,4.0,1.0,240
large-014,large,9,return,64,17,3,6,17,16,16,64,4.0,4.0,1.0,164
large-014,large,10,sink,28,17,2,5,17,7,7,28,4.0,4.0,1.0,42
large-015,large,0,source,160,17,4,8,17,40,40,160,4.0,4.0,1.0,948
large-015,large,1,propagate,160,17,4,8,17,40,40,160,4.0,4.0,1.0,948
large-015,large,2,helper,160,17,4,6,17,40,40,160,4.0,4.0,1.0,986
large-015,large,3,nested-call,160,17,4,8,17,40,40,160,4.0,4.0,1.0,1044
large-015,large,4,nested-return,160,17,4,9,17,39,40,160,4.102564,4.0,1.0,992
large-015,large,5,alias-gate,88,17,4,6,17,22,22,88,4.0,4.0,1.0,396
large-015,large,6,context-fold,84,17,4,5,17,21,21,84,4.0,4.0,1.0,346
large-015,large,7,sanitize,84,17,4,6,17,21,21,84,4.0,4.0,1.0,362
large-015,large,8,branch,84,17,4,6,17,21,21,84,4.0,4.0,1.0,372
large-015,large,9,return,80,17,3,6,17,16,18,80,5.0,4.444444,1.0,190
large-015,large,10,sink,24,17,2,5,17,6,6,24,4.0,4.0,1.0,30
large-016,large,0,source,160,17,5,8,17,40,40,160,4.0,4.0,1.0,910
large-016,large,1,propagate,160,17,5,8,17,40,40,160,4.0,4.0,1.0,910
large-016,large,2,helper,160,17,5,7,17,40,40,160,4.0,4.0,1.0,946
large-016,large,3,nested-call,160,17,5,8,17,40,40,160,4.0,4.0,1.0,1046
large-016,large,4,nested-return,160,17,4,9,17,39,40,160,4.102564,4.0,1.0,1024
large-016,large,5,alias-gate,96,17,4,6,17,24,24,96,4.0,4.0,1.0,410
large-016,large,6,context-fold,84,17,4,6,17,21,21,84,4.0,4.0,1.0,346
large-016,large,7,sanitize,84,17,4,5,17,21,21,84,4.0,4.0,1.0,344
large-016,large,8,branch,84,17,4,7,17,21,21,84,4.0,4.0,1.0,362
large-016,large,9,return,72,17,4,7,17,18,18,72,4.0,4.0,1.0,222
large-016,large,10,sink,36,17,3,5,17,9,9,36,4.0,4.0,1.0,70
large-017,large,0,source,160,17,5,8,17,40,40,160,4.0,4.0,1.0,864
large-017,large,1,propagate,160,17,5,8,17,40,40,160,4.0,4.0,1.0,864
large-017,large,2,helper,160,17,5,6,17,40,40,160,4.0,4.0,1.0,890
large-017,large,3,nested-call,160,17,4,8,17,40,40,160,4.0,4.0,1.0,974
large-017,large,4,nested-return,160,17,4,9,17,39,40,160,4.102564,4.0,1.0,872
large-017,large,5,alias-gate,76,17,4,6,17,19,19,76,4.0,4.0,1.0,282
large-017,large,6,context-fold,64,17,3,5,17,16,16,64,4.0,4.0,1.0,204
large-017,large,7,sanitize,64,17,3,5,17,16,16,64,4.0,4.0,1.0,204
large-017,large,8,branch,64,17,3,6,17,16,16,64,4.0,4.0,1.0,206
large-017,large,9,return,56,17,3,7,17,14,13,56,4.0,4.307692,1.0,150
large-017,large,10,sink,36,17,3,5,17,9,8,36,4.0,4.5,1.0,68
large-018,large,0,source,160,17,5,10,17,40,40,160,4.0,4.0,1.0,938
large-018,large,1,propagate,160,17,5,7,17,40,40,160,4.0,4.0,1.0,938
large-018,large,2,helper,160,17,5,7,17,40,40,160,4.0,4.0,1.0,932
large-018,large,3,nested-call,160,17,5,8,17,40,40,160,4.0,4.0,1.0,1014
large-018,large,4,nested-return,160,17,4,9,17,35,38,160,4.571429,4.210526,1.0,846
large-018,large,5,alias-gate,72,17,3,6,17,18,18,72,4.0,4.0,1.0,256
large-018,large,6,context-fold,68,17,3,6,17,17,17,68,4.0,4.0,1.0,218
large-018,large,7,sanitize,68,17,3,5,17,17,17,68,4.0,4.0,1.0,228
large-018,large,8,branch,68,17,3,5,17,17,17,68,4.0,4.0,1.0,236
large-018,large,9,return,64,17,3,6,17,16,16,64,4.0,4.0,1.0,184
large-018,large,10,sink,36,17,2,5,17,9,9,36,4.0,4.0,1.0,68
large-019,large,0,source,160,17,5,8,17,40,40,160,4.0,4.0,1.0,894
large-019,large,1,propagate,160,17,5,9,17,40,40,160,4.0,4.0,1.0,894
large-019,large,2,helper,160,17,5,7,17,40,40,160,4.0,4.0,1.0,920
large-019,large,3,nested-call,160,17,5,8,17,40,40,160,4.0,4.0,1.0,1000
large-019,large,4,nested-return,160,17,4,8,17,38,40,160,4.210526,4.0,1.0,884
large-019,large,5,alias-gate,76,17,4,7,17,19,19,76,4.0,4.0,1.0,286
large-019,large,6,context-fold,68,17,4,6,17,17,17,68,4.0,4.0,1.0,238
large-019,large,7,sanitize,68,17,4,5,17,17,17,68,4.0,4.0,1.0,234
large-019,large,8,branch,68,17,3,7,17,16,17,68,4.25,4.0,1.0,232
large-019,large,9,return,52,17,3,6,17,13,13,52,4.0,4.0,1.0,122
large-019,large,10,sink,28,17,2,5,17,7,7,28,4.0,4.0,1.0,40
